{
    "sim_type": 0,
    "solver_type": 3,
    "precond_type": 1,
    "dt_tri": 0.029999999329447746,
    "dt_tet": 0.02,
    "n_substep": 40,
    "n_iter": 1,
    "dHat": 0.029999999329447746,
    "fric_coef": 0.0,
    "damping": 0.004999999888241291,
    "YM": 83783.78125,
    "YM_b": 0.0,
    "PCG_threshold": 9.999999747378752e-05,
    "PCG_definiteness_fix": true,
    "PCG_use_line_search": true,
    "PCG_print_stats": false,
    "PCG_max_cg_iter": 401,
    "PR": 0.2
}