{
    "sim_type": 0,
    "solver_type": 1,
    "dt_tri": 0.029999999329447746,
    "dt_tet": 0.02,
    "n_substep": 10,
    "n_iter": 1,
    "dHat": 0.041999999433755875,
    "fric_coef": 0.503000020980835,
    "damping": 0.0010000000474974513,
    "YM": 29729.73046875,
    "YM_b": 18918.919921875,
    "PCG_threshold": 0.0001,
    "PCG_definiteness_fix": true,
    "PCG_use_line_search": true,
    "PCG_print_stats": false,
    "PCG_max_cg_iter": 100,
    "PR": 0.2
}