{
    "sim_type": 0,
    "solver_type": 0,
    "dt_tri": 0.029999999329447746,
    "dt_tet": 0.02,
    "n_substep": 20,
    "n_iter": 1,
    "dHat": 0.019999999552965164,
    "fric_coef": 0.6809999942779541,
    "damping": 0.0,
    "YM": 8108.10791015625,
    "YM_b": 10810.8115234375,
    "PCG_threshold": 0.0001,
    "PCG_definiteness_fix": true,
    "PCG_use_line_search": true,
    "PCG_print_stats": false,
    "PCG_max_cg_iter": 100,
    "PR": 0.2
}