{
    "sim_type": 0,
    "solver_type": 0,
    "dt_tri": 0.029999999329447746,
    "dt_tet": 0.02,
    "n_substep": 30,
    "n_iter": 1,
    "dHat": 0.03999999910593033,
    "fric_coef": 1.0,
    "damping": 0.0010000000474974513,
    "YM": 10810.8115234375,
    "YM_b": 8648.6484375,
    "PCG_threshold": 0.0001,
    "PCG_definiteness_fix": true,
    "PCG_use_line_search": true,
    "PCG_print_stats": false,
    "PCG_max_cg_iter": 100,
    "PR": 0.2
}