{
    "Identity": {
        "conditions": {
            "precond_type": "Identity",
            "dt": 0.029999999329447746,
            "substep": 1,
            "iter": 1,
            "damping": 0.0,
            "YM": 10000.0,
            "YM_b": 0.0
        },
        "data": {
            "1": 0.001518827397376299,
            "2": 0.06059976667165756,
            "3": 0.6475838422775269,
            "4": 2.8427574634552,
            "5": 6.721660614013672,
            "6": 10.649125099182129,
            "7": 13.80974006652832,
            "8": 17.134958267211914,
            "9": 22.24661636352539,
            "10": 31.053041458129883,
            "11": 45.63957214355469,
            "12": 67.81907653808594,
            "13": 99.06034088134766,
            "14": 141.15061950683594,
            "15": 196.65756225585938,
            "16": 268.35400390625,
            "17": 358.4572448730469,
            "18": 468.86492919921875,
            "19": 601.9150390625,
            "20": 760.2477416992188,
            "21": 946.0448608398438,
            "22": 1160.621337890625,
            "23": 1404.365234375,
            "24": 1676.54541015625,
            "25": 1975.1873779296875,
            "26": 2297.3876953125,
            "27": 2639.82861328125,
            "28": 2999.20654296875,
            "29": 3372.52490234375,
            "30": 3757.330810546875,
            "31": 4151.7734375,
            "32": 4554.27587890625,
            "33": 4963.09521484375,
            "34": 5376.13720703125,
            "35": 5791.0087890625,
            "36": 6205.22509765625,
            "37": 6616.330078125,
            "38": 7021.89599609375,
            "39": 7419.36328125,
            "40": 7805.87353515625,
            "41": 8178.09228515625,
            "42": 8532.2451171875,
            "43": 8864.0888671875,
            "44": 9169.05859375,
            "45": 9442.419921875,
            "46": 9679.5,
            "47": 9875.8515625,
            "48": 10027.494140625,
            "49": 10131.037109375,
            "50": 10183.939453125,
            "51": 10184.5673828125,
            "52": 10132.3115234375,
            "53": 10027.568359375,
            "54": 9871.6865234375,
            "55": 9666.8740234375,
            "56": 9416.1240234375,
            "57": 9123.22265625,
            "58": 8792.6923828125,
            "59": 8429.8935546875,
            "60": 8040.86181640625,
            "61": 7632.2333984375,
            "62": 7210.92724609375,
            "63": 6783.8076171875,
            "64": 6357.29638671875,
            "65": 5937.08984375,
            "66": 5527.99365234375,
            "67": 5133.86572265625,
            "68": 4757.69482421875,
            "69": 4401.73095703125,
            "70": 4067.5546875,
            "71": 3756.258544921875,
            "72": 3468.39990234375,
            "73": 3204.1181640625,
            "74": 2963.068115234375,
            "75": 2744.455078125,
            "76": 2547.06396484375,
            "77": 2369.34228515625,
            "78": 2209.486328125,
            "79": 2065.59716796875,
            "80": 1935.8201904296875,
            "81": 1818.4400634765625,
            "82": 1711.9390869140625,
            "83": 1614.98583984375,
            "84": 1526.3936767578125,
            "85": 1445.1361083984375,
            "86": 1370.281982421875,
            "87": 1301.0120849609375,
            "88": 1236.649169921875,
            "89": 1176.6058349609375,
            "90": 1120.39306640625,
            "91": 1067.6129150390625,
            "92": 1017.9241333007812,
            "93": 971.09765625,
            "94": 926.992919921875,
            "95": 885.5513916015625,
            "96": 846.7822875976562,
            "97": 810.7285766601562,
            "98": 777.4625854492188,
            "99": 747.1090087890625
        }
    },
    "Jacobi": {
        "conditions": {
            "precond_type": "Jacobi",
            "dt": 0.029999999329447746,
            "substep": 1,
            "iter": 1,
            "damping": 0.0,
            "YM": 20540.5390625,
            "YM_b": 0.0
        },
        "data": {
            "1": 0.0021742195822298527,
            "2": 0.11363612115383148,
            "3": 1.2147091627120972,
            "4": 5.322441101074219,
            "5": 12.450129508972168,
            "6": 19.351783752441406,
            "7": 24.275766372680664,
            "8": 28.51209831237793,
            "9": 34.39789581298828,
            "10": 44.604225158691406,
            "11": 62.08701705932617,
            "12": 89.42047119140625,
            "13": 128.3715362548828,
            "14": 180.53924560546875,
            "15": 248.26634216308594,
            "16": 334.4670104980469,
            "17": 441.30145263671875,
            "18": 569.3993530273438,
            "19": 718.6885375976562,
            "20": 889.3858642578125,
            "21": 1081.53369140625,
            "22": 1293.7724609375,
            "23": 1522.9378662109375,
            "24": 1764.5548095703125,
            "25": 2013.3592529296875,
            "26": 2263.7314453125,
            "27": 2510.37060546875,
            "28": 2749.02392578125,
            "29": 2976.78369140625,
            "30": 3191.8720703125,
            "31": 3393.24658203125,
            "32": 3580.29833984375,
            "33": 3752.640869140625,
            "34": 3909.8603515625,
            "35": 4051.2646484375,
            "36": 4175.81787109375,
            "37": 4282.3203125,
            "38": 4369.673828125,
            "39": 4437.14599609375,
            "40": 4484.46533203125,
            "41": 4511.88525390625,
            "42": 4520.111328125,
            "43": 4510.2841796875,
            "44": 4483.8779296875,
            "45": 4442.59326171875,
            "46": 4388.259765625,
            "47": 4322.7939453125,
            "48": 4248.10693359375,
            "49": 4166.00390625,
            "50": 4078.11572265625,
            "51": 3985.86572265625,
            "52": 3890.427490234375,
            "53": 3792.74365234375,
            "54": 3693.53173828125,
            "55": 3593.306884765625,
            "56": 3492.402587890625,
            "57": 3390.99658203125,
            "58": 3289.1533203125,
            "59": 3186.847900390625,
            "60": 3084.02392578125,
            "61": 2980.6025390625,
            "62": 2876.52490234375,
            "63": 2771.7421875,
            "64": 2666.26806640625,
            "65": 2560.197509765625,
            "66": 2453.724609375,
            "67": 2347.1435546875,
            "68": 2240.8251953125,
            "69": 2135.1884765625,
            "70": 2030.6751708984375,
            "71": 1927.7288818359375,
            "72": 1826.782470703125,
            "73": 1728.2408447265625,
            "74": 1632.4691162109375,
            "75": 1539.7767333984375,
            "76": 1450.40966796875,
            "77": 1364.531494140625,
            "78": 1282.22509765625,
            "79": 1203.4976806640625,
            "80": 1128.3056640625,
            "81": 1056.58154296875,
            "82": 988.2630615234375,
            "83": 923.31689453125,
            "84": 861.7638549804688,
            "85": 803.6800537109375,
            "86": 749.2054443359375,
            "87": 698.5149536132812,
            "88": 651.819091796875,
            "89": 609.3240966796875,
            "90": 571.2136840820312,
            "91": 537.6209106445312,
            "92": 508.6033020019531,
            "93": 484.1329650878906,
            "94": 464.0899658203125,
            "95": 448.2801208496094,
            "96": 436.4515380859375,
            "97": 428.3236389160156,
            "98": 423.6261901855469,
            "99": 422.1408996582031
        }
    }
}