{
    "params": {
        "eta": 0.800000011920929,
        "viscosity": 0.009999999776482582,
        "tol": 0.019999999552965164,
        "k_rho": 10000.0,
        "da_ratio": 1.0099999904632568,
        "use_gn": false,
        "use_div": true
    },
    "residual_data": {
        "opt_iter": [
            0,
            1,
            1,
            1,
            1,
            1,
            1,
            1,
            1,
            1,
            1,
            1,
            1,
            1,
            1,
            1,
            1,
            1,
            1,
            1,
            1,
            1,
            1,
            1,
            1,
            1,
            1,
            1,
            1,
            1,
            1,
            1,
            1,
            1,
            1,
            1,
            1,
            1,
            1,
            1,
            1,
            1
        ],
        "pcg_iter": [
            1,
            2,
            2,
            2,
            2,
            2,
            2,
            2,
            2,
            2,
            2,
            2,
            2,
            2,
            2,
            2,
            2,
            2,
            2,
            2,
            2,
            2,
            2,
            2,
            2,
            2,
            2,
            2,
            2,
            2,
            2,
            2,
            2,
            2,
            2,
            2,
            2,
            2,
            2,
            2,
            2,
            2
        ]
    },
    "elapsed_data": {
        "elapsed_time": [
            0.03885650634765625,
            0.03828597068786621,
            0.0408625602722168,
            0.038930416107177734,
            0.039293527603149414,
            0.03968691825866699,
            0.03777670860290527,
            0.03846025466918945,
            0.039052724838256836,
            0.03831148147583008,
            0.03889799118041992,
            0.03950834274291992,
            0.03713536262512207,
            0.03813338279724121,
            0.038172245025634766,
            0.03763461112976074,
            0.037520647048950195,
            0.03851461410522461,
            0.038904666900634766,
            0.037755489349365234,
            0.037988901138305664,
            0.0372004508972168,
            0.03672933578491211,
            0.03771543502807617,
            0.038854122161865234,
            0.03804421424865723,
            0.03752899169921875,
            0.03801846504211426,
            0.03744339942932129,
            0.038916587829589844,
            0.037885427474975586,
            0.03651571273803711,
            0.03664803504943848,
            0.03721451759338379,
            0.037972211837768555,
            0.03727269172668457,
            0.037793874740600586,
            0.03784489631652832,
            0.037470340728759766,
            0.03787517547607422,
            0.03800630569458008
        ]
    }
}