{
    "params": {
        "eta": 0.8500000238418579,
        "viscosity": 0.009999999776482582,
        "tol": 0.019999999552965164,
        "k_rho": 10000.0,
        "da_ratio": 1.0099999904632568,
        "use_gn": false,
        "use_div": false
    },
    "residual_data": {
        "opt_iter": [
            1,
            1,
            2,
            2,
            2,
            3,
            3,
            3,
            3,
            3,
            3,
            3,
            2,
            3,
            3,
            3,
            4,
            3,
            3,
            3,
            3,
            3,
            2,
            3,
            2,
            2,
            2,
            3,
            3,
            3,
            3,
            3,
            3,
            3,
            4,
            3,
            3,
            3,
            3,
            3,
            3,
            3,
            3,
            3,
            3,
            3,
            3,
            3,
            3,
            3,
            3,
            3,
            3,
            3,
            3,
            3,
            3,
            3,
            3,
            3,
            3,
            3,
            3,
            3,
            3,
            3,
            3,
            3
        ],
        "pcg_iter": [
            2,
            2,
            3,
            3,
            3,
            4,
            5,
            4,
            5,
            5,
            5,
            5,
            4,
            5,
            5,
            5,
            5,
            4,
            5,
            5,
            5,
            5,
            4,
            5,
            4,
            4,
            4,
            4,
            4,
            4,
            5,
            5,
            5,
            5,
            6,
            5,
            4,
            4,
            5,
            4,
            4,
            4,
            4,
            4,
            4,
            4,
            4,
            4,
            4,
            4,
            4,
            4,
            4,
            4,
            4,
            4,
            4,
            4,
            4,
            4,
            4,
            4,
            4,
            4,
            4,
            4,
            4,
            4
        ]
    },
    "elapsed_data": {
        "elapsed_time": [
            0.0052640438079833984,
            0.007690906524658203,
            0.01021122932434082,
            0.007355213165283203,
            0.009747743606567383,
            0.020959854125976562,
            0.011098623275756836,
            0.012098550796508789,
            0.009464502334594727,
            0.010035276412963867,
            0.011308431625366211,
            0.007489442825317383,
            0.010547876358032227,
            0.01177835464477539,
            0.009928703308105469,
            0.011940240859985352,
            0.01000666618347168,
            0.009466171264648438,
            0.011213064193725586,
            0.010537385940551758,
            0.009394645690917969,
            0.00898599624633789,
            0.010786056518554688,
            0.008082389831542969,
            0.008429765701293945,
            0.008228302001953125,
            0.010375499725341797,
            0.010295391082763672,
            0.009324073791503906,
            0.01056218147277832,
            0.009535789489746094,
            0.010049819946289062,
            0.01057291030883789,
            0.013005733489990234,
            0.010106801986694336,
            0.010732173919677734,
            0.008999109268188477,
            0.010546684265136719,
            0.01036524772644043,
            0.009342670440673828,
            0.009369373321533203,
            0.010010480880737305,
            0.009067058563232422,
            0.00932931900024414,
            0.010548114776611328,
            0.00946044921875,
            0.01013636589050293,
            0.010538578033447266,
            0.009386301040649414,
            0.009977102279663086,
            0.009557008743286133,
            0.009394645690917969,
            0.010275840759277344,
            0.00937199592590332,
            0.009196043014526367,
            0.010412216186523438,
            0.009463310241699219,
            0.010209798812866211,
            0.010773420333862305,
            0.009358882904052734,
            0.010853052139282227,
            0.009020328521728516,
            0.009383201599121094,
            0.010846376419067383,
            0.009328603744506836,
            0.010058879852294922,
            0.010642528533935547
        ]
    }
}