{
    "params": {
        "eta": 0.8500000238418579,
        "viscosity": 0.009999999776482582,
        "tol": 0.019999999552965164,
        "k_rho": 10000.0,
        "da_ratio": 1.0099999904632568,
        "use_gn": false,
        "use_div": true
    },
    "residual_data": {
        "opt_iter": [
            0,
            5,
            4,
            4,
            4,
            3,
            3,
            3,
            4,
            4,
            4,
            3,
            3,
            3,
            3,
            3,
            4,
            4,
            4,
            7,
            6,
            4,
            5,
            4,
            4,
            5,
            6,
            5,
            6,
            4,
            3,
            3,
            4,
            4,
            3,
            4,
            3,
            3,
            3,
            3,
            4,
            5,
            4,
            5,
            6,
            6,
            6,
            5,
            4,
            4,
            4,
            6,
            6,
            6,
            6,
            5,
            6,
            5,
            4,
            4,
            3,
            5,
            5,
            3,
            4,
            3,
            4,
            5,
            5,
            6,
            7,
            6,
            6,
            6,
            7,
            7,
            7,
            7,
            7,
            8,
            9,
            9,
            9,
            8,
            8,
            9,
            8,
            9,
            9,
            9,
            9,
            9,
            8,
            9,
            9,
            8,
            8,
            8,
            8,
            8,
            7,
            8,
            7,
            7,
            7,
            8,
            7,
            8,
            7,
            8,
            7,
            7,
            7,
            7,
            7,
            6,
            6,
            5,
            5,
            4,
            4,
            4,
            4,
            4,
            4,
            4,
            4,
            4,
            4,
            4,
            3,
            4,
            4,
            4,
            4,
            5,
            5,
            5,
            5,
            5,
            4,
            4,
            4,
            4,
            6,
            6,
            5,
            7,
            6,
            5,
            5,
            5,
            5,
            5,
            5,
            5,
            5,
            5,
            5,
            5,
            5,
            5,
            5,
            4,
            4,
            4,
            4,
            4,
            4,
            4,
            4,
            4,
            4,
            5,
            5,
            5,
            5,
            5,
            7,
            5,
            5,
            5,
            5,
            5,
            5,
            5,
            6,
            6,
            7,
            6,
            6,
            7,
            7,
            7,
            7,
            6,
            6,
            6,
            6,
            7,
            7,
            7,
            6,
            6,
            6,
            6,
            6,
            6,
            5,
            7,
            6,
            6,
            6,
            6,
            7,
            6,
            6,
            5,
            6,
            6,
            7,
            6,
            5,
            5,
            5,
            5,
            4,
            6,
            4,
            4,
            4,
            5,
            6,
            5,
            5,
            5,
            4,
            5,
            5,
            5,
            6,
            5,
            4,
            5,
            5,
            4,
            6,
            6,
            5,
            5,
            5,
            5,
            5,
            5,
            5,
            5,
            5,
            5,
            5,
            5,
            5,
            6,
            5,
            5,
            5,
            5,
            5,
            5,
            5,
            5,
            5,
            5,
            5,
            5,
            5,
            5,
            5,
            5,
            5,
            5,
            5,
            5,
            5,
            5,
            5,
            5,
            5,
            5,
            5,
            5,
            5,
            6,
            5,
            5,
            5,
            5,
            5,
            5,
            5,
            6,
            13,
            12,
            12,
            22,
            21,
            23,
            16,
            15,
            17,
            10,
            8,
            8,
            8,
            8,
            8,
            9,
            8,
            10,
            9,
            10,
            9,
            9,
            14,
            9,
            9,
            9,
            8,
            8,
            8,
            9,
            8,
            8,
            9,
            9,
            9,
            8,
            9,
            9,
            8,
            8,
            9,
            9,
            9,
            8,
            9,
            8,
            8,
            9,
            8,
            9,
            8,
            9,
            9,
            8,
            8,
            8,
            8,
            9,
            8,
            8,
            9,
            10,
            10,
            10,
            9,
            9,
            8,
            9,
            10,
            9,
            9,
            9,
            8,
            7,
            9,
            9,
            9,
            10,
            9,
            9,
            9,
            8,
            9,
            9,
            9,
            9,
            9,
            9,
            7,
            9,
            8,
            8,
            8,
            11,
            12,
            8,
            7,
            7,
            8,
            8,
            9,
            9,
            8,
            8,
            8,
            8,
            8,
            7,
            7,
            7,
            7,
            7,
            6,
            7,
            6,
            7,
            7,
            7,
            7,
            7,
            6,
            7,
            7,
            6,
            6,
            12,
            7,
            7,
            7,
            7,
            7,
            7,
            6,
            6,
            7,
            7,
            8,
            7,
            8,
            7,
            6,
            7,
            6,
            6,
            7,
            6,
            7,
            7,
            9,
            8,
            8,
            9,
            8,
            9,
            6,
            7,
            6,
            8,
            7,
            9,
            9,
            7,
            7,
            8,
            7,
            9,
            8,
            8,
            6,
            9,
            7,
            10,
            9,
            7,
            9,
            7,
            9,
            6,
            8,
            7,
            6,
            8,
            5,
            6,
            7,
            8,
            8,
            7,
            7,
            8,
            8,
            7,
            7,
            7,
            6,
            8,
            7,
            6,
            7,
            6,
            7,
            7,
            8,
            8,
            7
        ],