{
    "params": {
        "eta": 0.8500000238418579,
        "viscosity": 0.009999999776482582,
        "tol": 0.019999999552965164,
        "k_rho": 1000000.0,
        "da_ratio": 1.0099999904632568,
        "use_gn": true,
        "use_div": false
    },
    "residual_data": {
        "opt_iter": [
            6,
            10,
            6,
            6,
            7,
            7,
            7,
            7,
            7,
            8,
            8,
            7,
            5,
            6,
            6,
            7,
            7,
            7,
            7,
            7,
            7,
            7,
            7,
            8,
            8,
            8,
            8,
            8,
            9,
            9,
            10,
            9,
            9,
            9,
            9,
            9,
            9,
            10,
            10,
            10,
            10,
            10,
            11,
            12,
            12,
            14,
            16,
            14,
            14,
            14,
            14,
            1000
        ],
        "pcg_iter": [
            8,
            12,
            8,
            8,
            9,
            9,
            9,
            9,
            9,
            10,
            10,
            9,
            8,
            9,
            9,
            10,
            10,
            11,
            11,
            11,
            11,
            11,
            11,
            12,
            12,
            12,
            12,
            12,
            13,
            13,
            14,
            13,
            13,
            13,
            13,
            13,
            13,
            14,
            14,
            14,
            14,
            14,
            15,
            16,
            16,
            18,
            20,
            18,
            18,
            18,
            18,
            1003
        ]
    },
    "elapsed_data": {
        "elapsed_time": [
            0.053975582122802734,
            0.03346085548400879,
            0.035245418548583984,
            0.04010295867919922,
            0.03869271278381348,
            0.04055476188659668,
            0.03959822654724121,
            0.03901791572570801,
            0.04422616958618164,
            0.041414737701416016,
            0.0394434928894043,
            0.0324549674987793,
            0.03541159629821777,
            0.03633308410644531,
            0.04006075859069824,
            0.04013371467590332,
            0.04068493843078613,
            0.04056549072265625,
            0.04195904731750488,
            0.04099607467651367,
            0.042363643646240234,
            0.04009652137756348,
            0.044942378997802734,
            0.045941829681396484,
            0.044980525970458984,
            0.04664278030395508,
            0.044663190841674805,
            0.04895615577697754,
            0.05007672309875488,
            0.055071115493774414,
            0.049544572830200195,
            0.050435543060302734,
            0.05022168159484863,
            0.04987764358520508,
            0.04979753494262695,
            0.05028557777404785,
            0.05493593215942383,
            0.055066585540771484,
            0.05461716651916504,
            0.05324721336364746,
            0.05249762535095215,
            0.05760478973388672,
            0.06345486640930176,
            0.06340861320495605,
            0.08413982391357422,
            0.08295369148254395,
            0.07240629196166992,
            0.07273221015930176,
            0.08307027816772461,
            0.07295346260070801,
            4.286866664886475
        ]
    },
    "avg_density": {
        "density": [
            782.295166015625,
            782.6951293945312,
            783.0770263671875,
            783.4322509765625,
            783.7617797851562,
            784.0756225585938,
            784.3716430664062,
            784.6539306640625,
            784.9218139648438,
            785.1763305664062,
            785.4282836914062,
            785.7001953125,
            786.0193481445312,
            786.4126586914062,
            786.8994750976562,
            787.4822387695312,
            788.1508178710938,
            788.8820190429688,
            789.6513061523438,
            790.440673828125,
            791.2366943359375,
            792.0300903320312,
            792.8179321289062,
            793.599853515625,
            794.374267578125,
            795.1415405273438,
            795.9027709960938,
            796.6573486328125,
            797.4054565429688,
            798.1468505859375,
            798.8817138671875,
            799.6088256835938,
            800.33203125,
            801.0484008789062,
            801.7636108398438,
            802.4761962890625,
            803.1858520507812,
            803.8936157226562,
            804.5989379882812,
            805.30078125,
            806.0011596679688,
            806.6983642578125,
            807.39599609375,
            808.0838012695312,
            808.7652587890625,
            809.4437866210938,
            810.121826171875,
            810.798095703125,
            811.476806640625,
            812.1537475585938,
            812.8280639648438,
            813.498779296875
        ]
    }
}