{
    "params": {
        "eta": 0.652999997138977,
        "viscosity": 0.0,
        "tol": 0.019999999552965164,
        "k_rho": 31872.51171875,
        "da_ratio": 1.0049999952316284,
        "use_gn": false,
        "use_div": true
    },
    "residual_data": {
        "opt_iter": [
            2,
            2,
            2,
            2,
            2,
            2,
            2,
            2,
            2,
            1,
            2,
            2,
            1,
            1,
            1,
            1,
            1,
            1,
            1,
            1,
            1,
            1,
            1,
            1,
            1,
            1,
            2,
            4,
            4,
            4,
            4,
            4,
            4,
            4,
            4,
            4,
            4,
            4,
            4,
            4,
            5,
            5,
            4,
            3,
            3,
            3,
            3,
            3,
            3,
            3,
            3,
            3,
            4,
            4,
            4,
            3,
            2,
            2,
            2,
            2,
            2,
            1,
            1,
            1,
            1,
            1,
            1,
            1,
            1,
            1,
            1,
            1,
            1,
            1,
            1,
            1,
            1,
            1,
            1,
            1,
            1,
            1,
            1,
            1,
            1,
            1,
            1,
            1,
            1,
            1,
            1,
            1,
            1,
            1,
            1,
            1,
            1,
            1,
            1,
            1,
            1,
            1,
            1,
            1,
            1,
            1,
            1,
            1,
            1,
            1,
            1,
            1,
            1,
            1,
            1,
            1,
            1,
            1,
            1,
            1,
            1,
            1,
            1,
            1,
            1,
            1,
            1,
            1,
            1,
            1,
            1,
            1,
            1,
            1,
            1,
            1,
            1,
            1,
            1,
            1,
            1,
            1,
            1,
            1,
            1,
            2,
            2,
            2,
            3,
            3,
            3,
            3,
            2,
            2,
            2,
            2,
            3,
            3,
            3,
            3,
            3,
            3,
            3,
            3,
            3,
            3,
            3,
            3,
            3,
            3,
            3,
            3,
            3,
            3,
            3,
            3,
            3,
            3,
            3,
            3,
            3,
            3,
            3,
            3,
            3,
            3,
            3,
            3,
            3,
            3,
            3,
            3,
            3,
            3,
            3,
            3,
            3,
            2,
            2,
            2,
            3,
            3,
            3,
            3,
            2,
            2,
            2,
            3,
            2,
            2,
            2,
            2,
            2,
            2,
            2,
            2,
            2,
            3,
            3,
            3,
            3,
            3,
            3,
            3,
            3,
            3
        ],
        "pcg_iter": [
            5,
            5,
            5,
            5,
            4,
            4,
            4,
            4,
            4,
            3,
            3,
            3,
            2,
            1,
            1,
            1,
            1,
            1,
            1,
            1,
            1,
            1,
            1,
            1,
            1,
            1,
            2,
            4,
            4,
            4,
            4,
            4,
            4,
            4,
            4,
            4,
            4,
            4,
            4,
            5,
            6,
            6,
            5,
            4,
            4,
            4,
            4,
            4,
            4,
            4,
            4,
            4,
            5,
            5,
            5,
            4,
            3,
            3,
            3,
            3,
            2,
            1,
            1,
            1,
            1,
            1,
            1,
            1,
            1,
            1,
            1,
            1,
            1,
            1,
            1,
            1,
            1,
            1,
            1,
            1,
            1,
            1,
            1,
            1,
            1,
            1,
            1,
            1,
            1,
            1,
            1,
            1,
            1,
            1,
            1,
            1,
            1,
            1,
            1,
            1,
            1,
            1,
            1,
            1,
            1,
            1,
            1,
            1,
            1,
            1,
            1,
            1,
            1,
            1,
            1,
            1,
            1,
            1,
            1,
            1,
            1,
            1,
            1,
            1,
            1,
            1,
            1,
            1,
            1,
            1,
            1,
            1,
            1,
            1,
            1,
            1,
            1,
            1,
            1,
            1,
            1,
            1,
            1,
            1,
            1,
            2,
            2,
            3,
            4,
            4,
            4,
            4,
            3,
            3,
            3,
            3,
            4,
            4,
            4,
            4,
            4,
            4,
            4,
            4,
            4,
            4,
            4,
            4,
            4,
            4,
            4,
            4,
            4,
            4,
            4,
            4,
            4,
            4,
            4,
            4,
            4,
            4,
            4,
            4,
            4,
            4,
            4,
            4,
            4,
            4,
            4,
            4,
            4,
            4,
            4,
            4,
            4,
            3,
            3,
            3,
            4,
            4,
            4,
            4,
            3,
            3,
            3,
            4,
            3,
            3,
            3,
            3,
            3,
            3,
            3,
            3,
            3,
            4,
            4,
            4,
            4,
            4,
            4,
            4,
            4,
            4
        ]
    }
}