{
    "params": {
        "eta": 0.8999999761581421,
        "viscosity": 0.009999999776482582,
        "tol": 0.019999999552965164,
        "k_rho": 300000.0,
        "da_ratio": 1.0499999523162842,
        "use_gn": true,
        "use_div": true
    },
    "residual_data": {
        "opt_iter": [
            1,
            1,
            1,
            2,
            3,
            3,
            3,
            5,
            5,
            5,
            6,
            6,
            6,
            6,
            7,
            8,
            7,
            8,
            8,
            8,
            8,
            9,
            9,
            9,
            9,
            8,
            8,
            9,
            9,
            9,
            9,
            9,
            9,
            9,
            9,
            9,
            7,
            7,
            7,
            7,
            7,
            7,
            7,
            8,
            8,
            8,
            8,
            8,
            8,
            8,
            9,
            9,
            9,
            9,
            9,
            10,
            10,
            10,
            10,
            10,
            10,
            10,
            11,
            8,
            9,
            8,
            8,
            8,
            8,
            8,
            9,
            10,
            10,
            10,
            10,
            10,
            10,
            11,
            12,
            12,
            12,
            12,
            12,
            12,
            12,
            12,
            12,
            12,
            12,
            13,
            13,
            13,
            13,
            13,
            12,
            13,
            12,
            12,
            12,
            12,
            13,
            14,
            12,
            12,
            12,
            12,
            12,
            12,
            12,
            11,
            11,
            9,
            10,
            10,
            10,
            11,
            11,
            11,
            11,
            12,
            12,
            12,
            12,
            13,
            12,
            12,
            14,
            14,
            14,
            14,
            14,
            14,
            14,
            16,
            17,
            18,
            17,
            15,
            16,
            17,
            17,
            18,
            20,
            17,
            17,
            16,
            17,
            18,
            18,
            19,
            19,
            20,
            20,
            21,
            21,
            22,
            21,
            22,
            15,
            15,
            19,
            19,
            17,
            20,
            21,
            22,
            23,
            25,
            27,
            28,
            25,
            27,
            27,
            27,
            27,
            28,
            28,
            29,
            29,
            28,
            29,
            28,
            26,
            27,
            31,
            31,
            32,
            33,
            33,
            34,
            34,
            35,
            35,
            33,
            31,
            29,
            29,
            29,
            29,
            29,
            26,
            26,
            28,
            30,
            32,
            32,
            32,
            34,
            34,
            34,
            34,
            34,
            30,
            32,
            34,
            34,
            34,
            35,
            35,
            35,
            34,
            32,
            36,
            38,
            39,
            39,
            39,
            40,
            36,
            36,
            36,
            37,
            37,
            38,
            38,
            38,
            38,
            37,
            35,
            38,
            39,
            39,
            40,
            40,
            40,
            40,
            41,
            41,
            41,
            41,
            42,
            42,
            43,
            38,
            38,
            39,
            39,
            39,
            40,
            40,
            41,
            41,
            42,
            43,
            43,
            43,
            44,
            45,
            45,
            46,
            47,
            48
        ],