{
    "params": {
        "eta": 0.8500000238418579,
        "viscosity": 0.009999999776482582,
        "tol": 0.019999999552965164,
        "k_rho": 1000000.0,
        "da_ratio": 1.0099999904632568,
        "use_gn": true,
        "use_div": false
    },
    "residual_data": {
        "opt_iter": [
            6,
            6,
            6,
            6,
            7,
            7,
            7,
            7,
            7,
            7,
            8,
            7,
            5,
            6,
            6,
            7,
            7,
            6,
            6,
            7,
            7,
            7,
            7,
            8,
            8,
            8,
            8,
            8,
            9,
            9,
            9,
            9,
            9,
            9,
            9,
            9,
            10,
            10,
            10,
            10,
            10,
            10,
            11,
            12,
            12,
            12,
            14,
            14,
            14,
            14,
            14,
            1000
        ],
        "pcg_iter": [
            8,
            8,
            8,
            8,
            9,
            9,
            9,
            9,
            9,
            9,
            10,
            9,
            8,
            9,
            9,
            10,
            10,
            10,
            10,
            11,
            11,
            11,
            11,
            12,
            12,
            12,
            12,
            12,
            13,
            13,
            13,
            13,
            13,
            13,
            13,
            13,
            14,
            14,
            14,
            14,
            14,
            14,
            15,
            16,
            16,
            16,
            18,
            18,
            18,
            18,
            18,
            1003
        ]
    },
    "elapsed_data": {
        "elapsed_time": [
            0.034487247467041016,
            0.03557562828063965,
            0.0363919734954834,
            0.03993940353393555,
            0.0394289493560791,
            0.04085206985473633,
            0.03885459899902344,
            0.03969001770019531,
            0.0385289192199707,
            0.04465889930725098,
            0.03915262222290039,
            0.03173089027404785,
            0.03557896614074707,
            0.03645634651184082,
            0.04024457931518555,
            0.04150080680847168,
            0.03732895851135254,
            0.037134647369384766,
            0.040117502212524414,
            0.04169321060180664,
            0.04206418991088867,
            0.04155397415161133,
            0.04513216018676758,
            0.04572868347167969,
            0.04549455642700195,
            0.045084238052368164,
            0.045391082763671875,
            0.05103635787963867,
            0.04923653602600098,
            0.05109238624572754,
            0.051017045974731445,
            0.049870967864990234,
            0.04996180534362793,
            0.05426359176635742,
            0.05033230781555176,
            0.0546114444732666,
            0.05330252647399902,
            0.05418205261230469,
            0.05419445037841797,
            0.05543875694274902,
            0.05481386184692383,
            0.059342384338378906,
            0.06330561637878418,
            0.06173372268676758,
            0.06335043907165527,
            0.07116007804870605,
            0.07150673866271973,
            0.07048153877258301,
            0.0723879337310791,
            0.07340741157531738,
            4.328029632568359
        ]
    },
    "avg_density": {
        "density": [
            782.2947387695312,
            782.6937255859375,
            783.0762939453125,
            783.432373046875,
            783.7603149414062,
            784.0742797851562,
            784.370849609375,
            784.6524047851562,
            784.9204711914062,
            785.17431640625,
            785.4270629882812,
            785.69921875,
            786.0169677734375,
            786.4105834960938,
            786.8973388671875,
            787.4804077148438,
            788.1488647460938,
            788.8795166015625,
            789.649658203125,
            790.4387817382812,
            791.233642578125,
            792.026611328125,
            792.8150634765625,
            793.5958862304688,
            794.3706665039062,
            795.1393432617188,
            795.9010009765625,
            796.65478515625,
            797.4022216796875,
            798.1436767578125,
            798.8787841796875,
            799.605712890625,
            800.3289184570312,
            801.0465087890625,
            801.7611694335938,
            802.4740600585938,
            803.1836547851562,
            803.8905639648438,
            804.5950927734375,
            805.2987060546875,
            805.998291015625,
            806.6962890625,
            807.390869140625,
            808.080810546875,
            808.7623291015625,
            809.4410400390625,
            810.1182861328125,
            810.7938842773438,
            811.4718017578125,
            812.1500854492188,
            812.8233032226562,
            813.4931640625
        ]
    }
}