{
    "params": {
        "eta": 0.5419999957084656,
        "viscosity": 0.009999999776482582,
        "tol": 0.019999999552965164,
        "k_rho": 300000.0,
        "da_ratio": 1.0499999523162842,
        "use_gn": false,
        "use_div": false
    },
    "residual_data": {
        "opt_iter": [
            7,
            5,
            3,
            3,
            2,
            2,
            5,
            4,
            3,
            4,
            6,
            4,
            3,
            3,
            3,
            3,
            2,
            2,
            2,
            2,
            2,
            2,
            2,
            2,
            4,
            4,
            4,
            3,
            4,
            4,
            3,
            4,
            3,
            2,
            3,
            3,
            3,
            3,
            5,
            7,
            6,
            5,
            4,
            3,
            4,
            3,
            4,
            4,
            6,
            6,
            6,
            6,
            6,
            6,
            6,
            12,
            7,
            8,
            10,
            13,
            9,
            11,
            11,
            9,
            12,
            11,
            10,
            12,
            10,
            10,
            11,
            12,
            10,
            12,
            12,
            13,
            10,
            11,
            13,
            10,
            16,
            14,
            10,
            12,
            11,
            11,
            12,
            11,
            12,
            11,
            12
        ],
        "pcg_iter": [
            29,
            21,
            12,
            8,
            4,
            3,
            6,
            7,
            6,
            7,
            9,
            7,
            5,
            5,
            4,
            4,
            3,
            3,
            3,
            3,
            3,
            3,
            3,
            3,
            6,
            7,
            7,
            6,
            7,
            7,
            6,
            7,
            5,
            4,
            5,
            5,
            5,
            5,
            7,
            10,
            9,
            8,
            6,
            5,
            6,
            5,
            6,
            6,
            9,
            9,
            8,
            8,
            8,
            8,
            8,
            19,
            17,
            21,
            21,
            26,
            21,
            23,
            22,
            20,
            22,
            20,
            19,
            21,
            19,
            19,
            21,
            23,
            20,
            24,
            23,
            23,
            22,
            21,
            23,
            21,
            27,
            25,
            20,
            25,
            23,
            23,
            22,
            22,
            22,
            21,
            24
        ]
    }
}