{
    "params": {
        "eta": 0.8500000238418579,
        "viscosity": 0.009999999776482582,
        "tol": 0.019999999552965164,
        "k_rho": 10000.0,
        "da_ratio": 1.0099999904632568,
        "use_gn": false,
        "use_div": false
    },
    "residual_data": {
        "opt_iter": [
            1,
            1,
            2,
            2,
            2,
            3,
            3,
            3,
            3,
            3,
            3,
            3,
            2,
            3,
            3,
            3,
            4,
            3,
            3,
            3,
            3,
            3,
            2,
            3,
            2,
            2,
            2,
            3,
            3,
            3,
            3,
            3,
            3,
            3,
            4,
            3,
            3,
            3,
            3,
            3,
            3,
            3,
            3,
            3,
            3,
            3,
            3,
            3,
            3,
            3,
            3,
            3,
            3,
            3,
            3,
            3,
            3,
            3,
            3,
            3,
            3,
            3,
            3,
            3,
            3,
            3,
            3,
            3,
            3,
            3,
            3,
            3,
            3,
            3,
            3,
            3,
            2
        ],
        "pcg_iter": [
            2,
            2,
            3,
            3,
            3,
            4,
            5,
            4,
            5,
            5,
            5,
            5,
            4,
            5,
            5,
            5,
            5,
            4,
            5,
            5,
            5,
            5,
            4,
            5,
            4,
            4,
            4,
            4,
            4,
            4,
            5,
            5,
            5,
            5,
            6,
            5,
            4,
            4,
            5,
            4,
            4,
            4,
            4,
            4,
            4,
            4,
            4,
            4,
            4,
            4,
            4,
            4,
            4,
            4,
            4,
            4,
            4,
            4,
            4,
            4,
            4,
            4,
            4,
            4,
            4,
            4,
            4,
            4,
            4,
            4,
            4,
            4,
            4,
            4,
            4,
            4,
            3
        ]
    },
    "elapsed_data": {
        "elapsed_time": [
            0.8233888149261475,
            0.0051996707916259766,
            0.0072460174560546875,
            0.00972294807434082,
            0.007206439971923828,
            0.012075662612915039,
            0.021522045135498047,
            0.011472702026367188,
            0.010540962219238281,
            0.010052680969238281,
            0.01167154312133789,
            0.010498762130737305,
            0.008056640625,
            0.01139211654663086,
            0.009544849395751953,
            0.010419130325317383,
            0.01222681999206543,
            0.010178804397583008,
            0.009798526763916016,
            0.01127004623413086,
            0.010593891143798828,
            0.009937524795532227,
            0.008853673934936523,
            0.009909391403198242,
            0.00804901123046875,
            0.009012937545776367,
            0.008105993270874023,
            0.010985374450683594,
            0.008787155151367188,
            0.009368419647216797,
            0.011199712753295898,
            0.010348320007324219,
            0.010095357894897461,
            0.010662078857421875,
            0.011641979217529297,
            0.010127067565917969,
            0.010206222534179688,
            0.009062767028808594,
            0.01013803482055664,
            0.010128498077392578,
            0.009345769882202148,
            0.010210275650024414,
            0.010440587997436523,
            0.009355783462524414,
            0.009946107864379883,
            0.009450674057006836,
            0.009345769882202148,
            0.010706901550292969,
            0.009300708770751953,
            0.010049819946289062,
            0.010481595993041992,
            0.009388923645019531,
            0.010160207748413086,
            0.008987903594970703,
            0.00924062728881836,
            0.011194944381713867,
            0.009398937225341797,
            0.010055780410766602,
            0.01046442985534668,
            0.009466409683227539,
            0.010129213333129883,
            0.009696722030639648,
            0.009716510772705078,
            0.010900735855102539,
            0.010538578033447266,
            0.010210990905761719,
            0.010070562362670898,
            0.009630441665649414,
            0.010233640670776367,
            0.010725736618041992,
            0.009615898132324219,
            0.010222434997558594,
            0.009107828140258789,
            0.009425878524780273,
            0.01099252700805664,
            0.009861230850219727,
            0.008489131927490234
        ]
    }
}