{
    "params": {
        "eta": 0.4699999988079071,
        "viscosity": 0.0,
        "tol": 0.019999999552965164,
        "k_rho": 31872.51171875,
        "da_ratio": 1.0049999952316284,
        "use_gn": false,
        "use_div": true
    },
    "residual_data": {
        "opt_iter": [
            4,
            3,
            2,
            2,
            2,
            2,
            2,
            2,
            2,
            2,
            2,
            2,
            8,
            6,
            4,
            2,
            2,
            4,
            4,
            4,
            4,
            4,
            3,
            3,
            3,
            6,
            5,
            5,
            5,
            4,
            4,
            3,
            2,
            2,
            1,
            1,
            1,
            3,
            4,
            4,
            4,
            4,
            5,
            5,
            5,
            4,
            3,
            1,
            1,
            1,
            1,
            3,
            3,
            3,
            3,
            3,
            3,
            3,
            3,
            3,
            3,
            3,
            3,
            3,
            3,
            5,
            8,
            6,
            5,
            4,
            4,
            4,
            3,
            3,
            2,
            2,
            2,
            2,
            2,
            2,
            4,
            4,
            3,
            3,
            3,
            3,
            3,
            3,
            3,
            3,
            3,
            3,
            3,
            12,
            15,
            7,
            7,
            9,
            8,
            9,
            9,
            8,
            9,
            6,
            9,
            7,
            10,
            10,
            11,
            10,
            10,
            7,
            12,
            8,
            6,
            5,
            7,
            9,
            6,
            11,
            10,
            6,
            4,
            7,
            8,
            9,
            7,
            6,
            10,
            10,
            11
        ],
        "pcg_iter": [
            8,
            7,
            6,
            6,
            6,
            5,
            5,
            5,
            4,
            4,
            4,
            3,
            9,
            9,
            7,
            4,
            4,
            6,
            6,
            6,
            5,
            5,
            4,
            4,
            4,
            7,
            6,
            6,
            6,
            5,
            5,
            4,
            3,
            2,
            1,
            1,
            1,
            3,
            4,
            4,
            4,
            4,
            6,
            6,
            6,
            5,
            4,
            3,
            3,
            3,
            3,
            4,
            4,
            4,
            4,
            4,
            4,
            4,
            4,
            4,
            4,
            4,
            4,
            4,
            4,
            6,
            9,
            7,
            6,
            5,
            5,
            5,
            4,
            4,
            3,
            3,
            3,
            3,
            3,
            3,
            5,
            5,
            4,
            4,
            4,
            4,
            4,
            4,
            5,
            5,
            5,
            5,
            5,
            14,
            26,
            10,
            13,
            18,
            16,
            18,
            20,
            17,
            18,
            12,
            17,
            12,
            20,
            18,
            21,
            19,
            20,
            12,
            22,
            15,
            11,
            8,
            10,
            15,
            11,
            20,
            19,
            11,
            8,
            12,
            15,
            18,
            14,
            11,
            19,
            18,
            21
        ]
    }
}