{
    "params": {
        "eta": 0.3070000112056732,
        "viscosity": 0.0,
        "tol": 0.019999999552965164,
        "k_rho": 31872.51171875,
        "da_ratio": 1.0049999952316284,
        "use_gn": false,
        "use_div": true
    },
    "residual_data": {
        "opt_iter": [
            3,
            3,
            3,
            3,
            2,
            2,
            2,
            2,
            2,
            2,
            2,
            2,
            2,
            1,
            2,
            1,
            1,
            2,
            3,
            3,
            4,
            4,
            4,
            4,
            3,
            4,
            4,
            5,
            5,
            5,
            4,
            3,
            3,
            3,
            3,
            3,
            3,
            3,
            3,
            3,
            3,
            4,
            7,
            6,
            5,
            6,
            6,
            6,
            7,
            7,
            7,
            8,
            8,
            7,
            4,
            5,
            4,
            7,
            12,
            14,
            9,
            10,
            36,
            9,
            13,
            15,
            10,
            7,
            10,
            10,
            8,
            6,
            9,
            7,
            11,
            12,
            11,
            17,
            9,
            19,
            7,
            13,
            9,
            11,
            11
        ],
        "pcg_iter": [
            9,
            9,
            8,
            7,
            6,
            6,
            6,
            5,
            5,
            5,
            4,
            4,
            4,
            3,
            3,
            3,
            3,
            4,
            5,
            5,
            6,
            6,
            6,
            6,
            4,
            5,
            5,
            6,
            6,
            6,
            5,
            4,
            4,
            4,
            4,
            4,
            4,
            4,
            5,
            5,
            5,
            6,
            8,
            7,
            6,
            7,
            7,
            7,
            8,
            8,
            8,
            9,
            9,
            8,
            5,
            6,
            5,
            8,
            13,
            15,
            10,
            11,
            66,
            15,
            26,
            31,
            19,
            11,
            19,
            19,
            14,
            9,
            17,
            11,
            25,
            26,
            20,
            41,
            16,
            45,
            13,
            31,
            18,
            20,
            22
        ]
    }
}