{
    "params": {
        "eta": 0.8500000238418579,
        "viscosity": 0.009999999776482582,
        "tol": 0.019999999552965164,
        "k_rho": 10000.0,
        "da_ratio": 1.0099999904632568,
        "use_gn": false,
        "use_div": true
    },
    "residual_data": {
        "opt_iter": [
            3,
            4,
            4,
            4,
            4,
            4,
            3,
            3,
            3,
            3,
            3,
            2,
            2,
            2,
            2,
            3,
            3,
            3,
            2,
            3,
            3,
            2,
            2,
            3,
            3,
            3,
            3,
            2,
            3,
            3,
            3,
            3,
            3
        ],
        "pcg_iter": [
            4,
            5,
            5,
            5,
            5,
            5,
            4,
            4,
            4,
            4,
            4,
            3,
            3,
            3,
            3,
            4,
            4,
            4,
            3,
            4,
            4,
            3,
            3,
            4,
            4,
            4,
            4,
            3,
            4,
            4,
            4,
            4,
            4
        ]
    },
    "elapsed_data": {
        "elapsed_time": [
            0.03703641891479492,
            0.03730487823486328,
            0.03539276123046875,
            0.039556026458740234,
            0.039438486099243164,
            0.02922987937927246,
            0.029434919357299805,
            0.029226064682006836,
            0.02986931800842285,
            0.02829456329345703,
            0.02326822280883789,
            0.02376103401184082,
            0.02388143539428711,
            0.02524423599243164,
            0.029888391494750977,
            0.02933645248413086,
            0.024952173233032227,
            0.024222850799560547,
            0.028212308883666992,
            0.02883148193359375,
            0.023833036422729492,
            0.023418188095092773,
            0.028906583786010742,
            0.029633760452270508,
            0.029557466506958008,
            0.02924489974975586,
            0.017178058624267578,
            0.030321836471557617,
            0.028000354766845703,
            0.028560400009155273,
            0.023812532424926758,
            0.029003381729125977
        ]
    },
    "avg_density": {
        "density": [
            782.469970703125,
            783.2134399414062,
            784.1016845703125,
            785.1111450195312,
            786.2151489257812,
            787.366455078125,
            788.5042114257812,
            789.555419921875,
            790.4906616210938,
            791.324462890625,
            792.0907592773438,
            792.8352661132812,
            793.5778198242188,
            794.3270263671875,
            795.0794067382812,
            795.8418579101562,
            796.6113891601562,
            797.3695678710938,
            798.0848999023438,
            798.6989135742188,
            799.1716918945312,
            799.4892578125,
            799.6666259765625,
            799.7406616210938,
            799.751708984375,
            799.7345581054688,
            799.7158203125,
            799.7083129882812,
            799.717529296875,
            799.7427978515625,
            799.7865600585938,
            799.844482421875,
            799.9165649414062
        ]
    }
}