{
    "params": {
        "eta": 0.8500000238418579,
        "viscosity": 0.009999999776482582,
        "tol": 0.019999999552965164,
        "k_rho": 10000.0,
        "da_ratio": 1.0099999904632568,
        "use_gn": false,
        "use_div": false
    },
    "residual_data": {
        "opt_iter": [
            1,
            1,
            2,
            2,
            2,
            3,
            3,
            3,
            3,
            3,
            3,
            3,
            2,
            3,
            3,
            3,
            4,
            3,
            3,
            3,
            3,
            3,
            2,
            3,
            2,
            2,
            2,
            3,
            3,
            3,
            3,
            3,
            3,
            3,
            4,
            3,
            3,
            3,
            3,
            3,
            3,
            3,
            3,
            3,
            3,
            3,
            3,
            3,
            3,
            3,
            3,
            3,
            3,
            3,
            3,
            3,
            3,
            3,
            3,
            3,
            3,
            3,
            3,
            3,
            3,
            3,
            3,
            3,
            3,
            3,
            3,
            3,
            3,
            3,
            3,
            3,
            2,
            3,
            3,
            3,
            3,
            3,
            3,
            3,
            3,
            3,
            3,
            3,
            2,
            3,
            3,
            3,
            3,
            3,
            3,
            3,
            3,
            3,
            2,
            3,
            3,
            3,
            3,
            3,
            2,
            3,
            3,
            3,
            3,
            3,
            3,
            3,
            3,
            3,
            3,
            3,
            3,
            3,
            3,
            3,
            3,
            3,
            3,
            3,
            3,
            3
        ],
        "pcg_iter": [
            2,
            2,
            3,
            3,
            3,
            4,
            5,
            4,
            5,
            5,
            5,
            5,
            4,
            5,
            5,
            5,
            5,
            4,
            5,
            5,
            5,
            5,
            4,
            5,
            4,
            4,
            4,
            4,
            4,
            4,
            5,
            5,
            5,
            5,
            6,
            5,
            4,
            4,
            5,
            4,
            4,
            4,
            4,
            4,
            4,
            4,
            4,
            4,
            4,
            4,
            4,
            4,
            4,
            4,
            4,
            4,
            4,
            4,
            4,
            4,
            4,
            4,
            4,
            4,
            4,
            4,
            4,
            4,
            4,
            4,
            4,
            4,
            4,
            4,
            4,
            4,
            3,
            4,
            4,
            4,
            4,
            4,
            4,
            4,
            4,
            4,
            4,
            4,
            3,
            4,
            4,
            4,
            4,
            4,
            4,
            4,
            4,
            4,
            3,
            4,
            4,
            4,
            4,
            4,
            3,
            4,
            4,
            4,
            4,
            4,
            4,
            4,
            4,
            4,
            4,
            4,
            4,
            4,
            4,
            4,
            4,
            4,
            4,
            4,
            4,
            4
        ]
    },