{
    "params": {
        "eta": 0.949999988079071,
        "viscosity": 0.009999999776482582,
        "tol": 0.019999999552965164,
        "k_rho": 31872.51171875,
        "da_ratio": 1.0049999952316284,
        "use_gn": false,
        "use_div": true
    },
    "residual_data": {
        "opt_iter": [
            0,
            1,
            1,
            1,
            1,
            1,
            1,
            1,
            1,
            1,
            1,
            1,
            1,
            1,
            1,
            1,
            1,
            1,
            1,
            1,
            1,
            1,
            1,
            1,
            1,
            1,
            1,
            1,
            1,
            1,
            1,
            1,
            1,
            1,
            1,
            1,
            1,
            1,
            1,
            1,
            1,
            1,
            1,
            1,
            1,
            1,
            1,
            1,
            1,
            1,
            1,
            1,
            1,
            1,
            1,
            1,
            1,
            1,
            1,
            1,
            1,
            1,
            1,
            1,
            1,
            1,
            1,
            1,
            1,
            1,
            1,
            1,
            1,
            1,
            1,
            1,
            1,
            1,
            1,
            1,
            1,
            1,
            1,
            1,
            1,
            1,
            1,
            1,
            1,
            1,
            1,
            1,
            1,
            1,
            1,
            1,
            1,
            1,
            1,
            1,
            1,
            1,
            1,
            1,
            1,
            1,
            1,
            1,
            1,
            1,
            1,
            1,
            1,
            1,
            1,
            1,
            1,
            1,
            1,
            1,
            1,
            1,
            1,
            1,
            1,
            1,
            1,
            1,
            1,
            1,
            1,
            1,
            1,
            1,
            1,
            1,
            1,
            1,
            1,
            1,
            1,
            1,
            1,
            1,
            1,
            1,
            1,
            1,
            1,
            1,
            1,
            1,
            1,
            1,
            1,
            1,
            1,
            1,
            1,
            1,
            1,
            1,
            1,
            1,
            1,
            1,
            1,
            1,
            1,
            1,
            1,
            1,
            1,
            1,
            1,
            1,
            1,
            1,
            1,
            1,
            1,
            1,
            1,
            1,
            1,
            1,
            1,
            1,
            1,
            1,
            1,
            1,
            1,
            1,
            1,
            1,
            1,
            1,
            1,
            1,
            1,
            1,
            1,
            1,
            1,
            1,
            1,
            1,
            1,
            1,
            1,
            1,
            1,
            1,
            1,
            1,
            1,
            1,
            1,
            1,
            1,
            1,
            1,
            1,
            1,
            1,
            1,
            1,
            1,
            1,
            1,
            1,
            1,
            1,
            1,
            1,
            1,
            1,
            1,
            1,
            1,
            1,
            1,
            1,
            1,
            1,
            1,
            1,
            1,
            1,
            1,
            1,
            1,
            1,
            1,
            1,
            1,
            1,
            1,
            1,
            1,
            1,
            1,
            1,
            1,
            1,
            1,
            1,
            1,
            1,
            1,
            1,
            1,
            1,
            1,
            1,
            1,
            1,
            1,
            1,
            1,
            1,
            1,
            1,
            1,
            1,
            1,
            1,
            1,
            1,
            1,
            1,
            1,
            1,
            1,
            1,
            1,
            1,
            1,
            1,
            1,
            1,
            1,
            1,
            1,
            1,
            1,
            1,
            1,
            1,
            1,
            1,
            1,
            1,
            1,
            1,
            1,
            1,
            1,
            1,
            1,
            1,
            1,
            1,
            1,
            1,
            1,
            1,
            1,
            1,
            1,
            2,
            3,
            10,
            24,
            13,
            6,
            22,
            22,
            25,
            27,
            27,
            72,
            13,
            14,
            15,
            16,
            17,
            19,
            17,
            17,
            17,
            35,
            25,
            15,
            18,
            28,
            38,
            40,
            25,
            24,
            24,
            29,
            26,
            20,
            22,
            14,
            16,
            18,
            18,
            21,
            20,
            21,
            15,
            18,
            22,
            24,
            21,
            26,
            19,
            22,
            19,
            24,
            23,
            25,
            18,
            20,
            24,
            20,
            19,
            21,
            29,
            21,
            20,
            20,
            13,
            18,
            16,
            17,
            20,
            24,
            26,
            18,
            29,
            26,
            43,
            21,
            32,
            43,
            38,
            30,
            29,
            37,
            43,
            27,
            33,
            25,
            26,
            35,
            25,
            26,
            26,
            29,
            41,
            28,
            35,
            22,
            31,
            34,
            35,
            23,
            22,
            29,
            39,
            26,
            24,
            27,
            23,
            28,
            26,
            29,
            31,
            31,
            39,
            29,
            39,
            32,
            33,
            21,
            29,
            29,
            29,
            32,
            32,
            32,
            27,
            45,
            29,
            29,
            28,
            35,
            29,
            38,
            35,
            28,
            24,
            29,
            29,
            32,
            36,
            29,
            24,
            20,
            21,
            24,
            28,
            39,
            38,
            41,
            29,
            38,
            27,
            29,
            29,
            18,
            37,
            32,
            23,
            25,
            26,
            36,
            32,
            29,
            26,
            25,
            25,
            32,
            24,
            24,
            24,
            51
        ],