{
    "params": {
        "eta": 0.8500000238418579,
        "viscosity": 0.009999999776482582,
        "tol": 0.019999999552965164,
        "k_rho": 10000.0,
        "da_ratio": 1.0099999904632568,
        "use_gn": false,
        "use_div": true
    },
    "residual_data": {
        "opt_iter": [
            3,
            4,
            4,
            4,
            4,
            4,
            3,
            3,
            3,
            3,
            3,
            2,
            2,
            2,
            3,
            3,
            3,
            3,
            4,
            4,
            5,
            5,
            4,
            4,
            4,
            4,
            4,
            3,
            3,
            3,
            3,
            4,
            4,
            5,
            5,
            5,
            5,
            5,
            4,
            5,
            4,
            5,
            5,
            6,
            6,
            6,
            6,
            5,
            6,
            6,
            7,
            7,
            8,
            8,
            9,
            6,
            7,
            7,
            7,
            7,
            7,
            7,
            6,
            6,
            6,
            5,
            5,
            6,
            7,
            7,
            6,
            6,
            5,
            6
        ],
        "pcg_iter": [
            4,
            5,
            5,
            5,
            5,
            5,
            4,
            4,
            4,
            4,
            4,
            3,
            3,
            3,
            4,
            4,
            4,
            4,
            5,
            5,
            6,
            6,
            5,
            5,
            5,
            6,
            6,
            5,
            5,
            5,
            5,
            6,
            6,
            7,
            7,
            7,
            7,
            7,
            6,
            7,
            6,
            7,
            7,
            8,
            8,
            9,
            8,
            7,
            9,
            9,
            11,
            11,
            12,
            12,
            13,
            9,
            10,
            10,
            10,
            10,
            10,
            11,
            9,
            9,
            9,
            7,
            7,
            8,
            10,
            10,
            9,
            8,
            7,
            8
        ]
    },
    "elapsed_data": {
        "elapsed_time": [
            0.033548593521118164,
            0.03260159492492676,
            0.03125262260437012,
            0.031694889068603516,
            0.034316301345825195,
            0.025060176849365234,
            0.024013280868530273,
            0.0268709659576416,
            0.024271488189697266,
            0.025339126586914062,
            0.02044391632080078,
            0.018363237380981445,
            0.020793437957763672,
            0.02581334114074707,
            0.026996135711669922,
            0.02642369270324707,
            0.025030851364135742,
            0.03137087821960449,
            0.029869556427001953,
            0.03618216514587402,
            0.03580021858215332,
            0.03148651123046875,
            0.031009197235107422,
            0.030390262603759766,
            0.08827352523803711,
            0.03332161903381348,
            0.027689456939697266,
            0.02695155143737793,
            0.026816844940185547,
            0.026417255401611328,
            0.03401017189025879,
            0.03351902961730957,
            0.03976893424987793,
            0.03918647766113281,
            0.040064096450805664,
            0.038191795349121094,
            0.038542985916137695,
            0.03395414352416992,
            0.03848099708557129,
            0.03463149070739746,
            0.03922724723815918,
            0.037940263748168945,
            0.04699206352233887,
            0.04569649696350098,
            0.04855155944824219,
            0.04459524154663086,
            0.04127097129821777,
            0.04748106002807617,
            0.0483090877532959,
            0.05642390251159668,
            0.05728554725646973,
            0.0630638599395752,
            0.06401968002319336,
            0.06946754455566406,
            0.048603057861328125,
            0.05482769012451172,
            0.05483222007751465,
            0.053194522857666016,
            0.053195953369140625,
            0.05473160743713379,
            0.055863380432128906,
            0.04889869689941406,
            0.048722267150878906,
            0.04899287223815918,
            0.03873777389526367,
            0.03820657730102539,
            0.04680299758911133,
            0.053626298904418945,
            0.053019046783447266,
            0.048810720443725586,
            0.04639410972595215,
            0.041977643966674805,
            0.04711461067199707
        ]
    },
    "avg_density": {
        "density": [
            782.4692993164062,
            783.2117309570312,
            784.0995483398438,
            785.1090698242188,
            786.2119140625,
            787.3628540039062,
            788.5,
            789.551025390625,
            790.4878540039062,
            791.3189086914062,
            792.1038818359375,
            792.918701171875,
            793.8425903320312,
            794.9464721679688,
            796.2799682617188,
            797.8695678710938,
            799.678955078125,
            801.4974975585938,
            803.0983276367188,
            804.3798217773438,
            805.3809814453125,
            806.2328491210938,
            807.0408935546875,
            807.7940063476562,
            808.4305419921875,
            808.9506225585938,
            809.4117431640625,
            809.8788452148438,
            810.3837890625,
            810.9171752929688,
            811.4793090820312,
            812.0892944335938,
            812.7645874023438,
            813.4982299804688,
            814.248291015625,
            814.9824829101562,
            815.6947631835938,
            816.3993530273438,
            817.1016845703125,
            817.7958374023438,
            818.4837036132812,
            819.1799926757812,
            819.8890380859375,
            820.60498046875,
            821.3147583007812,
            822.0067749023438,
            822.6805419921875,
            823.3330688476562,
            823.9625854492188,
            824.5733642578125,
            825.1719970703125,
            825.7610473632812,
            826.3471069335938,
            826.9336547851562,
            827.5247802734375,
            828.1146850585938,
            828.7031860351562,
            829.2892456054688,
            829.8720092773438,
            830.4505004882812,
            831.0257568359375,
            831.6012573242188,
            832.1744995117188,
            832.7482299804688,
            833.3213500976562,
            833.8960571289062,
            834.4675903320312,
            835.03955078125,
            835.6126098632812,
            836.1887817382812,
            836.7666015625,
            837.3467407226562,
            837.9307861328125,
            838.5191650390625
        ]
    }
}