{
    "params": {
        "eta": 0.8500000238418579,
        "viscosity": 0.009999999776482582,
        "tol": 0.019999999552965164,
        "k_rho": 1000000.0,
        "da_ratio": 1.0099999904632568,
        "use_gn": true,
        "use_div": false
    },
    "residual_data": {
        "opt_iter": [
            6,
            6,
            6,
            6,
            6,
            7,
            7,
            7,
            7,
            7,
            8,
            7,
            5,
            6,
            6,
            7,
            7,
            6,
            7,
            7,
            7,
            7,
            7,
            8,
            8,
            8,
            8,
            8,
            9,
            9,
            10,
            9,
            9,
            9,
            9,
            9,
            9,
            10,
            10,
            10,
            10,
            10,
            11,
            12,
            12,
            12,
            1000
        ],
        "pcg_iter": [
            8,
            8,
            8,
            8,
            8,
            9,
            9,
            9,
            9,
            9,
            10,
            9,
            8,
            9,
            9,
            10,
            10,
            10,
            11,
            11,
            11,
            11,
            11,
            12,
            12,
            12,
            12,
            12,
            13,
            13,
            14,
            13,
            13,
            13,
            13,
            13,
            13,
            14,
            14,
            14,
            14,
            14,
            15,
            16,
            16,
            16,
            1003
        ]
    },
    "elapsed_data": {
        "elapsed_time": [
            0.03437542915344238,
            0.03542327880859375,
            0.03429913520812988,
            0.03523683547973633,
            0.0413668155670166,
            0.0394902229309082,
            0.03822827339172363,
            0.03947758674621582,
            0.03799557685852051,
            0.04404640197753906,
            0.03883671760559082,
            0.03198051452636719,
            0.03493499755859375,
            0.03533601760864258,
            0.0400083065032959,
            0.0402979850769043,
            0.037081241607666016,
            0.04346895217895508,
            0.04143810272216797,
            0.04044842720031738,
            0.04131937026977539,
            0.04276227951049805,
            0.04563283920288086,
            0.04752349853515625,
            0.046233177185058594,
            0.04655289649963379,
            0.04639625549316406,
            0.05235171318054199,
            0.04944896697998047,
            0.05478620529174805,
            0.05108952522277832,
            0.051375389099121094,
            0.05073833465576172,
            0.05034017562866211,
            0.05170750617980957,
            0.05054163932800293,
            0.0553896427154541,
            0.05463123321533203,
            0.0555119514465332,
            0.05598855018615723,
            0.05487537384033203,
            0.05986452102661133,
            0.06319236755371094,
            0.06297659873962402,
            0.06319952011108398,
            4.252912998199463
        ]
    },
    "avg_density": {
        "density": [
            782.2946166992188,
            782.694091796875,
            783.0770263671875,
            783.4318237304688,
            783.7608642578125,
            784.0739135742188,
            784.3709106445312,
            784.6519165039062,
            784.9198608398438,
            785.1754150390625,
            785.426025390625,
            785.6989135742188,
            786.0170288085938,
            786.4105834960938,
            786.8963623046875,
            787.4791259765625,
            788.1474609375,
            788.8782348632812,
            789.648681640625,
            790.4373779296875,
            791.2330932617188,
            792.0262451171875,
            792.8140869140625,
            793.5962524414062,
            794.370849609375,
            795.138427734375,
            795.8987426757812,
            796.6531982421875,
            797.4013671875,
            798.1425170898438,
            798.8768920898438,
            799.6046752929688,
            800.3272705078125,
            801.0453491210938,
            801.7598266601562,
            802.4718017578125,
            803.181884765625,
            803.8890380859375,
            804.594970703125,
            805.2965087890625,
            805.996826171875,
            806.6937866210938,
            807.389404296875,
            808.0782470703125,
            808.7605590820312,
            809.43896484375,
            810.1160888671875
        ]
    }
}