{
    "params": {
        "eta": 0.8999999761581421,
        "viscosity": 0.009999999776482582,
        "tol": 0.019999999552965164,
        "k_rho": 300000.0,
        "da_ratio": 1.0499999523162842,
        "use_gn": true,
        "use_div": false
    },
    "residual_data": {
        "opt_iter": [
            1,
            1,
            1,
            2,
            4,
            5,
            2,
            3,
            5,
            5,
            6,
            6,
            6,
            6,
            7,
            7,
            8,
            8,
            8,
            8,
            8,
            9,
            9,
            9,
            9,
            8,
            8,
            9,
            9,
            9,
            9,
            9,
            9,
            9,
            9,
            9,
            7,
            7,
            7,
            7,
            7,
            7,
            7,
            8,
            8,
            8,
            8,
            8,
            8,
            8,
            9,
            9,
            9,
            9,
            10,
            10,
            10,
            10,
            10,
            10,
            10,
            10,
            11,
            8,
            9,
            8,
            8,
            8,
            8,
            8,
            10,
            10,
            10,
            10,
            11,
            10,
            12,
            12,
            12,
            12,
            12,
            12,
            12,
            13,
            13,
            13,
            13,
            13,
            13,
            13,
            13,
            13,
            13,
            12,
            13,
            12,
            13,
            12,
            12,
            12,
            13,
            14,
            12,
            12,
            12,
            11,
            11,
            11,
            11,
            10,
            10,
            9,
            10,
            10,
            11,
            11,
            12,
            12,
            12,
            12,
            12,
            12,
            12,
            13,
            10,
            12,
            12,
            12,
            14,
            14,
            14,
            14,
            13,
            13,
            14,
            15,
            16,
            15,
            15,
            16,
            17,
            17,
            18,
            20,
            21,
            18,
            15,
            13,
            15,
            15,
            16,
            16,
            16,
            16,
            16,
            13,
            15,
            18,
            18,
            20,
            20,
            21,
            23,
            25,
            26,
            27,
            29,
            30,
            30,
            31,
            29,
            29,
            29,
            26,
            29,
            29,
            30,
            30,
            30,
            31,
            30,
            30,
            30,
            31,
            29,
            31,
            31,
            31,
            31,
            32,
            32,
            33,
            33,
            33,
            33,
            33,
            33,
            34,
            33,
            32,
            31,
            31,
            31,
            31,
            31,
            31,
            31,
            32,
            32,
            33,
            33,
            34,
            34,
            35,
            35,
            35,
            35,
            36,
            36,
            36,
            36,
            36,
            32,
            32,
            33,
            33,
            33,
            28,
            27,
            27,
            29,
            29,
            30,
            28,
            31,
            28,
            35,
            37,
            37,
            38,
            39,
            40,
            41,
            42,
            42,
            42,
            43,
            45,
            39,
            39,
            39,
            39,
            39,
            38,
            38,
            38,
            39,
            39,
            40,
            41,
            41,
            42,
            43,
            45,
            46,
            41,
            41,
            41,
            42,
            42,
            42,
            42,
            41,
            42,
            41,
            42,
            42,
            43,
            44,
            44,
            44,
            43,
            43,
            34,
            34,
            38,
            42,
            42,
            42,
            43,
            43,
            43,
            42,
            42,
            42,
            42,
            42,
            42,
            42,
            42,
            42,
            42,
            43,
            43,
            38,
            38,
            39,
            40,
            40,
            41,
            41,
            40,
            40,
            40,
            41,
            37,
            34,
            34,
            32,
            28,
            30,
            34,
            36,
            32,
            36,
            25,
            31,
            38,
            33,
            38,
            35,
            37,
            42,
            39,
            41,
            40,
            40,
            40,
            40,
            40,
            40,
            40,
            40,
            40,
            33,
            32,
            35,
            35,
            35,
            35,
            33,
            34,
            33,
            36,
            39,
            41,
            44,
            28,
            35,
            37,
            40,
            40,
            36,
            39,
            37,
            43,
            48,
            49,
            49,
            48,
            46,
            47,
            42,
            46,
            47,
            47,
            41,
            45,
            47,
            40,
            36,
            43,
            41,
            34,
            37,
            42,
            42,
            42,
            42,
            41,
            43,
            40,
            43,
            44,
            44,
            44,
            39,
            49,
            32,
            44,
            40,
            44,
            42,
            47,
            47,
            45,
            40,
            42,
            41,
            46,
            41,
            38,
            34,
            49,
            48,
            42,
            33,
            36,
            40,
            37,
            42,
            43,
            43,
            43,
            46,
            44,
            42,
            39,
            46,
            46,
            42,
            33,
            37,
            36,
            44,
            37,
            42,
            39,
            45,
            45,
            44,
            40,
            34,
            31,
            34,
            37,
            36,
            35,
            34,
            33,
            38,
            36,
            33,
            36,
            38,
            38,
            40,
            36,
            42,
            45,
            45,
            46,
            50,
            51,
            48,
            40,
            50,
            52,
            51,
            49,
            44,
            51,
            56,
            51,
            34,
            47,
            42,
            43,
            49,
            50,
            43,
            40,
            37,
            36,
            41,
