{
    "params": {
        "eta": 0.699999988079071,
        "viscosity": 0.009999999776482582,
        "tol": 0.019999999552965164,
        "k_rho": 300000.0,
        "da_ratio": 1.0499999523162842,
        "use_gn": false,
        "use_div": false
    },
    "residual_data": {
        "opt_iter": [
            4,
            3,
            2,
            3,
            2,
            2,
            1,
            1,
            1,
            1,
            1,
            1,
            1,
            1,
            1,
            1,
            1,
            1,
            1,
            1,
            1,
            1,
            1,
            1,
            1,
            1,
            1,
            1,
            1,
            1,
            1,
            1,
            1,
            1,
            1,
            1,
            1,
            1,
            1,
            1,
            1,
            1,
            1,
            1,
            1,
            1,
            1,
            1,
            1,
            1,
            1,
            1,
            1,
            1,
            1,
            1,
            1,
            1,
            1,
            1,
            1,
            1,
            1,
            1,
            1,
            1,
            1,
            1,
            1,
            1,
            1,
            1,
            1,
            1,
            1,
            1,
            1,
            1,
            1,
            1,
            1,
            1,
            1,
            1,
            1,
            1,
            1,
            1,
            1,
            1,
            1,
            1,
            1,
            1,
            1,
            1,
            1,
            1,
            1,
            1,
            1,
            1,
            1,
            1,
            1,
            1,
            1,
            1,
            1,
            1,
            1,
            1,
            1,
            1,
            1,
            1,
            1,
            1,
            1,
            1,
            1,
            1,
            1,
            1,
            1,
            1,
            1,
            1,
            1,
            1,
            1,
            1,
            1,
            1,
            1,
            1,
            1,
            1,
            1,
            1,
            1,
            1,
            1,
            1,
            1,
            1,
            1,
            1,
            1,
            1,
            1,
            1,
            1,
            1,
            2,
            2,
            3,
            4,
            4,
            3,
            3,
            3,
            3,
            3,
            3,
            3,
            3,
            4,
            3,
            3,
            3,
            3,
            3,
            3,
            3,
            3,
            3,
            3,
            3,
            3,
            3,
            3,
            3,
            3,
            3,
            3,
            3,
            3,
            3,
            2,
            3,
            3,
            3,
            3,
            4,
            3,
            3,
            3,
            3,
            3,
            3,
            3,
            3,
            3,
            3,
            2,
            2,
            3,
            2,
            2,
            2,
            2,
            2,
            2,
            3,
            3,
            3,
            3,
            3,
            3,
            3,
            3,
            3,
            3,
            3,
            3,
            3,
            3,
            3,
            3,
            2,
            2,
            2,
            2,
            2,
            3,
            3,
            3,
            3,
            3,
            3,
            3,
            3,
            3,
            3,
            3,
            3,
            3,
            3,
            3,
            3,
            3,
            3,
            3,
            3,
            3,
            3,
            3,
            3,
            3,
            3,
            3,
            3,
            2,
            2,
            2,
            3,
            3,
            3,
            3,
            3,
            10,
            12,
            11,
            11,
            12,
            13,
            11,
            9,
            11,
            12,
            10,
            12,
            10,
            13,
            11,
            17,
            12,
            11,
            13,
            12,
            13,
            11,
            14,
            13,
            11,
            9,
            9,
            11,
            13,
            12,
            13,
            13,
            14,
            14,
            13,
            13,
            14,
            13,
            13,
            18,
            19,
            16,
            18,
            18,
            15,
            13,
            13,
            10,
            13,
            13,
            13,
            18,
            21,
            19,
            26,
            17,
            14,
            15,
            16,
            22,
            51,
            18,
            17,
            16,
            17,
            17,
            14,
            11,
            11,
            17,
            17,
            14,
            12,
            14,
            18,
            12,
            17,
            16,
            15,
            21,
            20,
            23,
            17,
            15,
            15,
            14,
            16,
            15,
            20,
            15,
            13,
            17,
            20,
            17,
            15,
            15,
            18,
            17,
            15,
            16,
            20,
            17,
            20,
            26,
            21,
            15,
            15,
            20,
            19,
            16,
            23,
            19,
            17,
            24,
            21,
            19,
            16,
            19,
            13,
            22,
            20,
            18,
            16,
            17,
            17,
            17,
            15,
            19,
            18,
            21,
            22,
            17,
            19,
            15,
            16,
            16,
            23,
            18,
            24,
            20,
            19,
            26,
            23,
            18,
            19,
            17,
            21,
            23,
            23,
            15,
            25,
            17,
            20,
            24,
            18,
            21,
            22,
            19,
            23,
            24,
            27,
            49,
            19,
            17,
            19,
            18,
            18,
            15,
            18,
            19,
            16,
            18,
            16,
            16,
            17,
            18,
            15,
            25,
            19,
            16,
            16,
            22,
            16,
            16,
            16,
            16,
            20,
            16,
            17,
            18,
            15,
            17,
            17,
            13,
            21,
            17,
            22,
            13,
            14,
            25,
            19,
            12,
            17,
            18,
            17,
            15,
            18,
            16,
            19,
            21,
            19,
            24,
            21
        ],