{
    "params": {
        "eta": 0.8999999761581421,
        "viscosity": 0.009999999776482582,
        "tol": 0.019999999552965164,
        "k_rho": 300000.0,
        "da_ratio": 1.0499999523162842,
        "use_gn": false,
        "use_div": true
    },
    "residual_data": {
        "opt_iter": [
            0,
            1,
            1,
            1,
            1,
            1,
            1,
            1,
            1,
            1,
            1,
            1,
            1,
            1,
            1,
            1,
            1,
            1,
            1,
            1,
            1,
            1,
            1,
            1,
            1,
            1,
            1,
            1,
            1,
            1,
            1,
            1,
            1,
            1,
            1,
            1,
            1,
            1,
            1,
            1,
            1,
            1,
            1,
            1,
            1,
            1,
            1,
            1,
            1,
            1,
            1,
            1,
            1,
            1,
            1,
            1,
            1,
            1,
            1,
            1,
            1,
            1,
            1,
            1,
            1,
            1,
            1,
            1,
            1,
            1,
            1,
            1,
            1,
            1,
            1,
            1,
            1,
            1,
            1,
            1,
            1,
            1,
            1,
            1,
            1,
            1,
            1,
            1,
            1,
            1,
            1,
            1,
            1,
            1,
            1,
            1,
            1,
            1,
            1,
            1,
            1,
            1,
            1,
            1,
            1,
            1,
            1,
            1,
            1,
            1,
            1,
            1,
            1,
            1,
            1,
            1,
            1,
            1,
            1,
            1,
            1,
            1,
            1,
            1,
            1,
            1,
            1,
            1,
            1,
            1,
            1,
            1,
            1,
            1,
            1,
            1,
            1,
            1,
            1,
            1,
            1,
            1,
            1,
            1,
            1,
            1,
            1,
            1,
            1,
            1,
            1,
            1,
            1,
            1,
            1,
            1,
            1,
            1,
            1,
            1,
            1,
            1,
            1,
            1,
            1,
            1,
            1,
            1,
            1,
            1,
            1,
            1,
            1,
            1,
            1,
            1,
            1,
            1,
            1,
            1,
            1,
            1,
            1,
            1,
            1,
            1,
            1,
            1,
            1,
            1,
            1,
            1,
            1,
            1,
            1,
            1,
            1,
            1,
            1,
            1,
            1,
            1,
            1,
            1,
            1,
            1,
            1,
            1,
            1,
            1,
            1,
            1,
            1,
            1,
            1,
            1,
            1,
            1,
            1,
            1,
            1,
            1,
            1,
            1,
            1,
            1,
            1,
            1,
            1,
            1,
            1,
            1,
            1,
            1,
            1,
            1,
            1,
            1,
            1,
            1,
            1,
            1,
            1,
            1,
            1,
            1,
            1,
            1,
            1,
            1,
            1,
            1,
            1,
            1,
            1,
            1,
            1,
            1,
            1,
            1,
            1,
            1,
            1,
            1,
            1,
            1,
            1,
            1,
            1,
            1,
            1,
            1,
            1,
            1,
            1,
            1,
            1,
            1,
            1,
            1,
            1,
            1,
            1,
            1,
            1,
            1,
            1,
            1,
            1,
            1,
            1,
            1,
            1,
            1,
            1,
            1,
            1,
            1,
            1,
            1,
            1,
            1,
            1,
            1,
            1,
            1,
            1,
            1,
            1,
            1,
            1,
            1,
            1,
            1,
            1,
            1,
            1,
            1,
            1,
            1,
            1,
            1,
            1,
            1,
            1,
            1,
            1,
            1,
            1,
            1,
            1,
            1,
            3,
            3,
            270,
            176,
            58,
            205,
            65,
            50,
            25,
            38,
            38,
            35,
            23,
            33,
            39,
            46,
            27,
            32,
            34,
            40,
            32,
            43,
            33,
            34,
            34,
            22,
            27,
            32,
            25,
            32,
            39,
            23,
            34,
            19,
            31,
            29,
            28,
            27,
            30,
            29,
            27,
            36,
            32,
            25,
            23,
            28,
            34,
            30,
            37,
            33,
            27,
            29,
            18,
            31,
            37,
            32,
            40,
            19,
            33,
            29,
            23,
            63,
            39,
            59,
            36,
            77,
            41,
            63,
            67,
            44,
            36,
            69,
            57,
            39,
            39,
            36,
            81,
            51,
            36,
            37,
            42,
            29,
            35,
            41,
            37,
            44,
            44,
            43,
            33,
            32,
            34,
            25,
            40,
            28,
            40,
            39,
            31,
            40,
            41,
            40,
            31,
            28,
            28,
            45,
            38,
            32,
            27,
            41,
            42,
            39,
            56,
            41,
            24,
            32,
            38,
            40,
            35,
            36,
            40,
            40,
            38,
            39,
            34,
            41,
            35,
            33,
            34,
            38,
            37,
            33,
            39,
            27,
            28,
            28,
            41,
            35,
            58,
            35,
            29,
            42,
            45,
            36,
            34
        ],