{
    "params": {
        "eta": 0.8500000238418579,
        "viscosity": 0.20000000298023224,
        "tol": 0.019999999552965164,
        "k_rho": 10000.0,
        "da_ratio": 1.0099999904632568,
        "use_gn": false,
        "use_div": true
    },
    "residual_data": {
        "opt_iter": [
            0,
            0,
            1,
            1,
            1,
            1,
            1,
            1,
            1,
            1,
            1,
            1,
            1,
            1,
            1,
            1,
            1,
            1,
            1,
            1,
            1,
            1,
            1,
            1,
            1,
            1,
            1,
            1,
            1,
            1,
            1,
            1,
            1,
            1,
            1,
            1,
            1,
            1,
            1,
            1,
            1,
            1,
            1,
            1,
            1,
            1,
            1,
            1,
            1,
            1,
            1,
            1,
            1,
            1,
            1,
            1,
            1,
            1,
            1,
            1,
            1,
            1,
            1,
            1,
            1,
            1,
            1,
            1,
            1,
            1,
            1,
            1,
            1,
            1,
            1,
            1,
            1,
            1,
            1,
            1,
            1,
            1,
            1,
            1,
            1,
            1,
            1,
            1,
            1,
            1,
            1,
            1,
            1,
            1,
            1,
            1,
            1,
            1,
            1,
            1,
            1,
            1,
            1,
            1,
            1,
            1,
            1,
            1,
            1,
            1,
            1,
            1,
            1,
            1,
            1,
            1,
            1,
            1,
            1,
            1,
            1,
            1,
            1,
            1,
            1,
            1,
            1,
            1,
            1,
            1,
            1,
            1,
            1,
            1,
            1,
            1,
            1,
            1,
            1,
            1,
            1,
            1,
            1,
            1,
            1,
            1,
            1,
            1,
            1,
            1,
            1,
            1,
            1,
            1,
            1,
            1,
            4,
            4,
            4,
            3,
            3,
            3,
            2,
            3,
            2,
            2,
            3,
            3,
            3,
            3,
            2,
            3,
            3,
            3,
            3,
            3,
            3,
            3,
            3,
            3,
            3,
            3,
            3,
            3,
            3,
            3,
            3,
            4,
            4,
            4,
            4,
            4,
            4,
            4,
            4,
            4,
            4,
            4,
            3,
            4,
            4,
            4,
            4,
            4,
            4,
            4,
            4,
            4,
            5,
            5,
            4,
            4,
            4,
            4,
            5,
            5,
            5,
            5,
            5,
            4,
            4,
            5,
            5,
            5,
            5,
            4,
            4,
            4,
            5,
            5,
            5,
            5,
            3,
            5,
            5,
            5,
            5,
            5,
            5,
            5,
            5,
            5,
            5,
            5,
            5,
            6,
            6,
            5,
            5,
            5,
            5,
            5,
            5,
            5,
            5,
            6,
            6,
            6,
            6,
            6,
            5,
            6,
            6,
            5,
            6,
            6,
            5,
            5,
            6,
            4,
            5,
            6,
            5,
            4,
            5,
            5,
            4,
            6,
            5,
            5,
            6,
            5,
            5,
            6,
            5,
            5,
            5,
            5,
            5,
            4,
            4,
            5,
            4,
            4,
            4,
            3,
            5,
            5,
            5,
            5,
            5,
            4,
            4,
            4,
            4,
            3,
            4,
            4,
            4,
            4,
            4,
            3,
            4,
            4,
            4,
            4,
            4,
            4,
            3,
            4,
            4,
            4,
            4,
            4,
            4,
            3,
            4,
            4,
            4,
            4,
            4,
            4,
            3,
            4,
            4,
            4,
            4,
            4,
            4,
            3,
            4,
            5,
            4,
            4,
            4,
            4,
            4,
            4,
            4,
            4,
            4,
            4,
            4,
            4,
            4,
            4,
            4,
            4,
            4,
            4,
            4,
            4,
            4,
            4,
            4,
            4,
            4,
            4,
            4,
            4,
            5,
            4,
            5,
            4,
            4,
            5,
            5,
            5,
            5,
            5,
            5,
            5,
            5,
            4,
            5,
            5,
            5,
            5,
            5,
            5,
            5,
            4,
            4,
            4,
            4,
            4,
            4,
            4,
            4,
            4,
            4,
            4,
            4,
            4,
            4,
            4,
            4,
            4,
            4,
            4,
            4,
            4,
            4,
            4,
            4,
            5,
            5,
            4,
            4,
            5,
            5,
            5,
            5,
            5,
            5,
            5,
            4,
            4,
            4,
            4,
            4,
            4,
            4,
            5,
            5,
            5,
            5,
            5,
            5,
            5,
            5,
            5,
            5,
            5,
            5,
            5,
            5,
            6,
            6,
            6,
            7,
            7,
            7,
            7,
            7,
            8,
            8,
            8,
            8,
            8,
            8,
            7,
            7,
            7,
            7,
            7,
            7,
            6,
            6,
            6,
            6,
            6,
            6,
            6,
            6,
            6,
            5,
            5,
            5,
            6,
            6,
            7,
            7,
            8,
            8,
            8,
            9,
            8,
            7,
            7,
            6,
            6,
            7,
            7,
            8,
            9,
            8,
            8,
            7,
            7,
            6,
            6,
            6,
            5,
            5,
            4,
            4,
            10,
            6,
            4,
            4,
            4,
            4,
