{
    "params": {
        "eta": 0.5299999713897705,
        "viscosity": 0.009999999776482582,
        "tol": 0.019999999552965164,
        "k_rho": 31872.51171875,
        "da_ratio": 1.0499999523162842,
        "use_gn": false,
        "use_div": true
    },
    "residual_data": {
        "opt_iter": [
            3,
            3,
            2,
            2,
            2,
            2,
            2,
            2,
            2,
            2,
            2,
            2,
            1,
            2,
            2,
            3,
            2,
            2,
            2,
            2,
            2,
            2,
            3,
            3,
            2,
            2,
            2,
            2,
            2,
            2,
            2,
            2,
            2,
            2,
            2,
            2,
            2,
            2,
            2,
            1,
            1,
            1,
            1,
            1,
            1,
            1,
            1,
            1,
            1,
            1,
            1,
            1,
            1,
            1,
            1,
            1,
            1,
            1,
            1,
            1,
            1,
            1,
            1,
            1,
            2,
            2,
            2,
            2,
            2,
            2,
            2,
            2,
            2,
            2,
            2,
            2,
            2,
            2,
            2,
            2,
            2,
            2,
            2,
            2,
            2,
            2,
            2,
            2,
            2,
            2,
            2,
            2,
            2,
            2,
            2,
            2,
            2,
            2,
            2,
            2,
            2,
            2,
            2,
            2,
            2,
            2,
            2,
            2,
            2,
            3,
            3,
            2,
            3,
            3,
            2,
            3,
            2,
            2,
            2,
            2,
            2,
            4,
            4,
            5,
            4,
            4,
            4,
            4,
            4,
            4,
            4,
            4,
            4,
            3,
            3,
            3,
            3,
            3,
            3,
            4,
            4,
            4,
            4,
            4,
            4,
            4,
            4,
            3,
            4,
            4,
            4,
            4,
            4,
            4,
            4,
            4,
            8,
            8,
            7,
            6,
            4,
            5,
            6,
            6,
            5,
            6,
            5,
            6,
            6,
            5,
            7,
            7,
            6,
            6,
            5,
            5,
            5,
            5,
            5,
            6,
            5,
            5,
            5,
            5,
            4,
            5,
            6,
            5,
            6,
            6,
            6,
            6,
            6,
            5,
            5,
            6,
            6,
            4,
            5,
            6,
            5,
            5,
            5,
            5,
            5,
            5,
            5,
            5,
            4,
            5
        ],
        "pcg_iter": [
            7,
            7,
            6,
            6,
            5,
            5,
            5,
            4,
            4,
            4,
            4,
            3,
            2,
            3,
            3,
            4,
            4,
            4,
            4,
            4,
            4,
            4,
            4,
            4,
            3,
            3,
            3,
            3,
            3,
            3,
            3,
            3,
            3,
            3,
            3,
            3,
            3,
            3,
            3,
            2,
            2,
            2,
            2,
            2,
            2,
            2,
            2,
            2,
            2,
            2,
            2,
            2,
            2,
            2,
            2,
            2,
            2,
            2,
            2,
            2,
            2,
            2,
            2,
            2,
            3,
            3,
            3,
            3,
            3,
            3,
            3,
            3,
            3,
            3,
            3,
            3,
            3,
            3,
            3,
            3,
            3,
            3,
            3,
            3,
            3,
            3,
            3,
            3,
            3,
            3,
            3,
            3,
            3,
            3,
            3,
            3,
            3,
            3,
            3,
            3,
            3,
            3,
            3,
            3,
            3,
            3,
            3,
            3,
            3,
            4,
            4,
            3,
            4,
            4,
            3,
            4,
            3,
            3,
            3,
            3,
            3,
            5,
            7,
            7,
            7,
            7,
            7,
            7,
            7,
            7,
            7,
            7,
            7,
            6,
            6,
            6,
            6,
            6,
            5,
            6,
            6,
            6,
            6,
            6,
            6,
            6,
            6,
            5,
            6,
            6,
            6,
            7,
            6,
            7,
            7,
            7,
            11,
            11,
            10,
            9,
            7,
            7,
            8,
            8,
            7,
            8,
            7,
            8,
            9,
            9,
            11,
            11,
            10,
            9,
            8,
            8,
            8,
            8,
            8,
            9,
            8,
            8,
            8,
            8,
            7,
            8,
            9,
            8,
            9,
            9,
            10,
            10,
            10,
            9,
            8,
            10,
            10,
            8,
            9,
            10,
            9,
            9,
            8,
            8,
            8,
            9,
            8,
            8,
            7,
            8
        ]
    }
}