{
    "params": {
        "eta": 0.8999999761581421,
        "viscosity": 0.009999999776482582,
        "tol": 0.019999999552965164,
        "k_rho": 83665.34375,
        "da_ratio": 1.0499999523162842,
        "use_gn": true,
        "use_div": false
    },
    "residual_data": {
        "opt_iter": [
            1,
            1,
            1,
            1,
            1,
            1,
            1,
            2,
            2,
            2,
            2,
            2,
            2,
            2,
            2,
            3,
            2,
            3,
            3,
            3,
            3,
            3,
            3,
            3,
            3,
            3,
            3,
            3,
            2,
            2,
            2,
            2,
            2,
            3,
            3,
            3,
            3,
            3,
            3,
            3,
            3,
            3,
            3,
            3,
            3,
            3,
            3,
            3,
            3,
            3,
            3,
            3,
            3,
            3,
            3,
            3,
            3,
            3,
            3,
            3,
            3,
            3,
            3,
            3,
            4,
            3,
            4,
            4,
            4,
            4,
            4,
            4,
            4,
            4,
            4,
            4,
            4,
            4,
            4,
            4,
            4,
            4,
            4,
            4,
            4,
            4,
            4,
            4,
            4,
            4,
            4,
            4,
            4,
            5,
            5,
            5,
            5,
            3,
            3,
            3,
            3,
            3,
            3,
            3,
            3,
            3,
            3,
            4,
            4,
            4,
            4,
            4,
            4,
            4,
            4,
            4,
            4,
            4,
            5,
            5,
            5,
            5,
            5,
            5,
            5,
            5,
            5,
            5,
            5,
            5,
            5,
            5,
            5,
            5,
            5,
            5,
            5,
            5,
            5,
            5,
            5,
            6,
            6,
            6,
            6,
            6,
            6,
            6,
            6,
            6,
            6,
            6,
            6,
            6,
            6,
            6,
            6,
            6,
            6,
            6,
            6,
            6,
            6,
            6,
            6,
            7,
            7,
            7,
            7,
            7,
            8,
            8,
            8,
            9,
            9,
            9,
            9,
            9,
            9,
            9,
            8,
            8,
            8,
            8,
            7,
            7,
            7,
            7,
            7,
            7,
            7,
            7,
            8,
            8,
            9,
            9,
            10,
            10,
            10,
            10,
            11,
            11,
            11,
            11,
            11,
            11,
            11,
            11,
            10,
            10,
            10,
            10,
            10,
            10,
            11,
            11,
            10,
            10,
            9,
            9,
            9,
            9,
            9,
            8,
            9,
            9,
            10,
            10,
            10,
            11,
            11,
            11,
            11,
            11,
            11,
            11,
            10,
            10,
            9,
            9,
            9,
            9,
            9,
            9,
            9,
            9,
            9,
            9,
            9,
            9,
            9,
            9,
            10,
            10,
            10,
            10,
            10,
            10,
            10,
            11,
            11,
            11,
            11,
            11,
            11,
            11,
            10,
            10,
            10,
            10,
            10,
            10,
            10,
            10,
            10,
            10,
            10,
            10,
            10,
            10,
            10,
            10,
            11,
            11,
            11,
            11,
            11,
            11,
            10,
            10,
            11,
            12,
            12,
            12,
            12,
            12,
            12,
            12,
            11,
            12,
            12,
            12,
            12,
            12,
            12,
            12,
            12,
            12,
            12,
            12,
            12,
            12,
            12,
            12,
            12,
            12,
            12,
            12,
            12,
            12,
            12,
            13,
            13,
            13,
            13,
            13,
            11,
            10,
            10,
            12,
            12,
            9,
            10,
            10,
            19,
            14,
            13,
            13,
            13,
            13,
            12,
            12,
            12,
            27,
            12,
            12,
            13,
            15,
            15,
            15,
            11,
            13,
            12,
            14,
            15,
            13,
            13,
            13,
            13,
            13,
            13,
            11,
            13,
            14,
            15,
            16,
            16,
            15,
            15
        ],