{
    "params": {
        "eta": 0.621999979019165,
        "viscosity": 0.009999999776482582,
        "tol": 0.019999999552965164,
        "k_rho": 300000.0,
        "da_ratio": 1.0499999523162842,
        "use_gn": false,
        "use_div": false
    },
    "residual_data": {
        "opt_iter": [
            6,
            4,
            3,
            2,
            2,
            1,
            1,
            1,
            1,
            2,
            2,
            2,
            3,
            4,
            4,
            4,
            3,
            5,
            4,
            6,
            4,
            4,
            4,
            3,
            2,
            2,
            2,
            2,
            2,
            2,
            3,
            3,
            3,
            3,
            2,
            2,
            2,
            2,
            2,
            2,
            3,
            3,
            2,
            2,
            2,
            2,
            2,
            2,
            2,
            2,
            2,
            2,
            2,
            2,
            2,
            2,
            2,
            3,
            4,
            4,
            3,
            3,
            3,
            3,
            3,
            3,
            3,
            3,
            3,
            3,
            3,
            3,
            3,
            3,
            3,
            3,
            3,
            3,
            3,
            3,
            3,
            3,
            3,
            4,
            3,
            3,
            3,
            3,
            3,
            3,
            3,
            3,
            3,
            3,
            3,
            3,
            3,
            7,
            10,
            9,
            11,
            12,
            9,
            9,
            8,
            7,
            10,
            8,
            6,
            8,
            9,
            6,
            9,
            7,
            8,
            8,
            6,
            7,
            7,
            8,
            9,
            9,
            9,
            9,
            9,
            9,
            10,
            11,
            7,
            7,
            10,
            9,
            9,
            10,
            11,
            12,
            11,
            11
        ],
        "pcg_iter": [
            22,
            16,
            10,
            6,
            4,
            2,
            2,
            2,
            2,
            3,
            3,
            3,
            4,
            6,
            7,
            7,
            6,
            7,
            6,
            9,
            6,
            6,
            5,
            4,
            3,
            3,
            3,
            3,
            3,
            3,
            4,
            4,
            4,
            4,
            4,
            4,
            4,
            4,
            4,
            4,
            5,
            5,
            4,
            4,
            4,
            4,
            4,
            4,
            4,
            4,
            4,
            4,
            4,
            4,
            4,
            4,
            4,
            5,
            6,
            6,
            6,
            5,
            5,
            5,
            5,
            5,
            5,
            5,
            5,
            5,
            5,
            4,
            4,
            5,
            5,
            5,
            5,
            5,
            4,
            4,
            4,
            4,
            4,
            5,
            5,
            5,
            5,
            4,
            4,
            4,
            4,
            4,
            4,
            4,
            4,
            4,
            4,
            9,
            15,
            15,
            17,
            21,
            16,
            16,
            17,
            14,
            18,
            15,
            13,
            15,
            15,
            12,
            14,
            12,
            14,
            13,
            11,
            12,
            12,
            13,
            15,
            16,
            16,
            15,
            15,
            16,
            16,
            17,
            13,
            13,
            15,
            15,
            15,
            16,
            16,
            18,
            19,
            19
        ]
    }
}