{
    "params": {
        "eta": 0.8500000238418579,
        "viscosity": 0.009999999776482582,
        "tol": 0.019999999552965164,
        "k_rho": 10000.0,
        "da_ratio": 1.0099999904632568,
        "use_gn": false,
        "use_div": true
    },
    "residual_data": {
        "opt_iter": [
            3,
            4,
            4,
            4,
            4,
            4,
            3,
            3,
            3,
            3,
            3,
            2,
            2,
            2,
            2,
            3,
            3,
            3,
            2,
            3,
            3,
            2,
            2,
            3,
            3,
            3,
            3,
            2,
            3,
            3,
            3,
            3,
            3,
            3,
            3,
            3,
            3,
            3,
            3,
            2,
            2,
            2,
            2,
            2,
            2,
            2,
            2,
            2,
            2,
            3,
            3,
            2,
            2,
            2,
            2,
            2,
            2,
            2,
            2
        ],
        "pcg_iter": [
            4,
            5,
            5,
            5,
            5,
            5,
            4,
            4,
            4,
            4,
            4,
            3,
            3,
            3,
            3,
            4,
            4,
            4,
            3,
            4,
            4,
            3,
            3,
            4,
            4,
            4,
            4,
            3,
            4,
            4,
            4,
            4,
            4,
            4,
            4,
            4,
            4,
            4,
            4,
            3,
            3,
            3,
            3,
            3,
            3,
            3,
            3,
            3,
            3,
            4,
            4,
            3,
            3,
            3,
            3,
            3,
            3,
            3,
            3
        ]
    },
    "elapsed_data": {
        "elapsed_time": [
            0.034653425216674805,
            0.035288095474243164,
            0.03510594367980957,
            0.03568863868713379,
            0.03465843200683594,
            0.02667832374572754,
            0.025868892669677734,
            0.027181148529052734,
            0.024118900299072266,
            0.024909496307373047,
            0.02032756805419922,
            0.020045757293701172,
            0.019832849502563477,
            0.01878523826599121,
            0.02544426918029785,
            0.025235891342163086,
            0.024467945098876953,
            0.019774198532104492,
            0.026062726974487305,
            0.024106502532958984,
            0.020985841751098633,
            0.01938343048095703,
            0.02498769760131836,
            0.025767087936401367,
            0.025049448013305664,
            0.025096893310546875,
            0.02069830894470215,
            0.023520469665527344,
            0.024745941162109375,
            0.025725841522216797,
            0.024735450744628906,
            0.025378942489624023,
            0.023990392684936523,
            0.02504563331604004,
            0.02462601661682129,
            0.02592158317565918,
            0.024735212326049805,
            0.02407073974609375,
            0.02058863639831543,
            0.020075082778930664,
            0.01957416534423828,
            0.01834583282470703,
            0.019682884216308594,
            0.019719600677490234,
            0.01910710334777832,
            0.019369840621948242,
            0.019705533981323242,
            0.018805265426635742,
            0.025592803955078125,
            0.026102304458618164,
            0.020055055618286133,
            0.020600318908691406,
            0.01966404914855957,
            0.020485401153564453,
            0.0187833309173584,
            0.020634889602661133,
            0.01885390281677246,
            0.01813673973083496
        ]
    },
    "avg_density": {
        "density": [
            782.4696044921875,
            783.213623046875,
            784.1017456054688,
            785.1113891601562,
            786.2152709960938,
            787.3666381835938,
            788.50390625,
            789.5553588867188,
            790.4915161132812,
            791.324462890625,
            792.0911865234375,
            792.835693359375,
            793.5787963867188,
            794.3273315429688,
            795.0802612304688,
            795.8418579101562,
            796.6113891601562,
            797.3698120117188,
            798.08447265625,
            798.6989135742188,
            799.1718139648438,
            799.4888305664062,
            799.6666259765625,
            799.74169921875,
            799.75146484375,
            799.73486328125,
            799.7161254882812,
            799.7083129882812,
            799.7172241210938,
            799.7426147460938,
            799.7861938476562,
            799.8442993164062,
            799.9164428710938,
            800.0015869140625,
            800.0987548828125,
            800.20458984375,
            800.3170166015625,
            800.42919921875,
            800.5414428710938,
            800.6507568359375,
            800.7606811523438,
            800.8707275390625,
            800.9821166992188,
            801.0971069335938,
            801.2146606445312,
            801.3351440429688,
            801.45751953125,
            801.57373046875,
            801.6781005859375,
            801.7662353515625,
            801.8353271484375,
            801.8884887695312,
            801.9259033203125,
            801.9571533203125,
            801.984130859375,
            802.0115356445312,
            802.0419921875,
            802.0771484375,
            802.1189575195312
        ]
    }
}