{
    "params": {
        "eta": 0.8500000238418579,
        "viscosity": 0.009999999776482582,
        "tol": 0.019999999552965164,
        "k_rho": 10000.0,
        "da_ratio": 1.0099999904632568,
        "use_gn": false,
        "use_div": false
    },
    "residual_data": {
        "opt_iter": [
            1,
            1,
            2,
            2,
            2,
            3,
            3,
            3,
            3,
            3,
            3,
            3,
            2,
            3,
            3,
            3,
            4,
            3,
            3,
            3,
            3,
            3,
            2,
            3,
            2,
            2,
            2,
            3,
            3,
            3,
            3,
            3,
            3,
            3,
            4,
            3,
            3,
            3,
            3,
            3,
            3,
            3,
            3,
            3,
            3,
            3,
            3,
            3,
            3,
            3,
            3,
            3,
            3,
            3,
            3,
            3,
            3,
            3,
            3,
            3,
            3,
            3,
            3,
            3,
            3,
            3,
            3,
            3,
            3,
            3,
            3,
            3,
            3
        ],
        "pcg_iter": [
            2,
            2,
            3,
            3,
            3,
            4,
            5,
            4,
            5,
            5,
            5,
            5,
            4,
            5,
            5,
            5,
            5,
            4,
            5,
            5,
            5,
            5,
            4,
            5,
            4,
            4,
            4,
            4,
            4,
            4,
            5,
            5,
            5,
            5,
            6,
            5,
            4,
            4,
            5,
            4,
            4,
            4,
            4,
            4,
            4,
            4,
            4,
            4,
            4,
            4,
            4,
            4,
            4,
            4,
            4,
            4,
            4,
            4,
            4,
            4,
            4,
            4,
            4,
            4,
            4,
            4,
            4,
            4,
            4,
            4,
            4,
            4,
            4
        ]
    },
    "elapsed_data": {
        "elapsed_time": [
            0.8233888149261475,
            0.0051996707916259766,
            0.0072460174560546875,
            0.00972294807434082,
            0.007206439971923828,
            0.012075662612915039,
            0.021522045135498047,
            0.011472702026367188,
            0.010540962219238281,
            0.010052680969238281,
            0.01167154312133789,
            0.010498762130737305,
            0.008056640625,
            0.01139211654663086,
            0.009544849395751953,
            0.010419130325317383,
            0.01222681999206543,
            0.010178804397583008,
            0.009798526763916016,
            0.01127004623413086,
            0.010593891143798828,
            0.009937524795532227,
            0.008853673934936523,
            0.009909391403198242,
            0.00804901123046875,
            0.009012937545776367,
            0.008105993270874023,
            0.010985374450683594,
            0.008787155151367188,
            0.009368419647216797,
            0.011199712753295898,
            0.010348320007324219,
            0.010095357894897461,
            0.010662078857421875,
            0.011641979217529297,
            0.010127067565917969,
            0.010206222534179688,
            0.009062767028808594,
            0.01013803482055664,
            0.010128498077392578,
            0.009345769882202148,
            0.010210275650024414,
            0.010440587997436523,
            0.009355783462524414,
            0.009946107864379883,
            0.009450674057006836,
            0.009345769882202148,
            0.010706901550292969,
            0.009300708770751953,
            0.010049819946289062,
            0.010481595993041992,
            0.009388923645019531,
            0.010160207748413086,
            0.008987903594970703,
            0.00924062728881836,
            0.011194944381713867,
            0.009398937225341797,
            0.010055780410766602,
            0.01046442985534668,
            0.009466409683227539,
            0.010129213333129883,
            0.009696722030639648,
            0.009716510772705078,
            0.010900735855102539,
            0.010538578033447266,
            0.010210990905761719,
            0.010070562362670898,
            0.009630441665649414,
            0.010233640670776367,
            0.010725736618041992,
            0.009615898132324219,
            0.010222434997558594,
            0.009107828140258789,
            0.009425878524780273,
            0.01099252700805664,
            0.009861230850219727,
            0.008489131927490234,
            0.00528264045715332,
            0.005471706390380859,
            0.00741124153137207,
            0.007116556167602539,
            0.00736236572265625,
            0.009221315383911133,
            0.011051654815673828,
            0.009164094924926758,
            0.011047840118408203,
            0.010481119155883789,
            0.010139226913452148,
            0.01098012924194336,
            0.007569551467895508,
            0.009797334671020508,
            0.010538339614868164,
            0.009513139724731445,
            0.011610984802246094,
            0.01065826416015625,
            0.010113239288330078,
            0.009796619415283203,
            0.011057615280151367,
            0.009514331817626953,
            0.007814645767211914,
            0.011070966720581055,
            0.007967710494995117,
            0.008889913558959961,
            0.007997274398803711,
            0.010232686996459961,
            0.009907245635986328,
            0.009351491928100586,
            0.010994434356689453,
            0.01059579849243164,
            0.01003718376159668,
            0.010892868041992188,
            0.012310981750488281,
            0.010092973709106445,
            0.010249853134155273,
            0.010453224182128906,
            0.010086297988891602,
            0.010025262832641602,
            0.009429931640625,
            0.009509086608886719,
            0.010268211364746094,
            0.009429454803466797,
            0.009482622146606445,
            0.010500907897949219,
            0.009292364120483398,
            0.010066747665405273,
            0.009531974792480469,
            0.00960850715637207,
            0.01026296615600586,
            0.009387493133544922,
            0.00930166244506836,
            0.010714054107666016,
            0.009531021118164062,
            0.01024174690246582,
            0.010814189910888672,
            0.009313583374023438,
            0.010179996490478516,
            0.009582042694091797,
            0.009663581848144531,
            0.010684490203857422,
            0.009530305862426758,
            0.010102987289428711,
            0.010830163955688477,
            0.009665727615356445,
            0.010174751281738281,
            0.009726285934448242,
            0.00958871841430664,
            0.010268926620483398,
            0.009796857833862305,
            0.009682655334472656,
            0.01184535026550293
        ]
    }
}