{
    "params": {
        "eta": 0.8999999761581421,
        "viscosity": 0.009999999776482582,
        "tol": 0.019999999552965164,
        "k_rho": 300000.0,
        "da_ratio": 1.0499999523162842,
        "use_gn": false,
        "use_div": true
    },
    "residual_data": {
        "opt_iter": [
            0,
            1,
            1,
            1,
            1,
            1,
            1,
            1,
            1,
            1,
            1,
            1,
            1,
            1,
            1,
            1,
            1,
            1,
            1,
            1,
            1,
            1,
            1,
            1,
            1,
            1,
            1,
            1,
            1,
            1,
            1,
            1,
            1,
            1,
            1,
            1,
            1,
            1,
            1,
            1,
            1,
            1,
            1,
            1,
            1,
            1,
            1,
            1,
            1,
            1,
            1,
            1,
            1,
            1,
            1,
            1,
            1,
            1,
            1,
            1,
            1,
            1,
            1,
            1,
            1,
            1,
            1,
            1,
            1,
            1,
            1,
            1,
            1,
            1,
            1,
            1,
            1,
            1,
            1,
            1,
            1,
            1,
            1,
            1,
            1,
            1,
            1,
            1,
            1,
            1,
            1,
            1,
            1,
            1,
            1,
            1,
            1,
            1,
            1,
            1,
            1,
            1,
            1,
            1,
            1,
            1,
            1,
            1,
            1,
            1,
            1,
            1,
            1,
            1,
            1,
            1,
            1,
            1,
            1,
            1,
            1,
            1,
            1,
            1,
            1,
            1,
            3,
            3,
            3,
            3,
            4,
            4,
            4,
            5,
            8,
            6,
            5,
            5,
            5,
            6,
            8,
            7,
            15,
            44,
            48,
            27,
            11,
            19,
            12,
            11,
            11,
            13,
            14,
            8,
            10,
            11,
            15,
            12,
            13,
            18,
            30,
            45,
            30,
            56,
            42,
            40,
            42,
            17,
            19,
            23,
            21,
            13,
            26,
            20,
            20,
            29,
            22,
            20,
            15,
            23,
            17,
            24,
            12,
            18,
            17,
            16,
            33,
            28,
            14,
            16,
            17,
            13,
            14,
            14,
            16,
            13,
            13,
            12,
            14,
            23,
            16,
            21,
            19,
            17,
            20,
            21,
            17,
            13,
            15,
            17,
            14,
            16,
            10,
            16,
            20,
            21,
            15,
            19,
            14,
            13,
            16,
            13,
            13,
            15,
            14,
            14,
            14,
            12,
            15,
            16,
            20,
            29,
            11,
            16,
            25,
            15,
            13,
            17,
            15,
            14,
            19,
            16,
            14,
            12,
            14,
            16,
            15,
            10,
            15,
            16,
            13,
            17,
            19,
            14,
            13,
            15,
            11,
            15,
            16,
            12,
            9,
            9,
            10,
            10,
            11,
            14,
            12,
            13,
            10,
            13,
            16,
            13,
            15,
            12,
            10,
            14,
            15,
            13,
            11,
            10,
            16,
            17,
            14,
            9,
            12,
            14,
            15,
            13,
            13,
            13,
            13,
            9,
            11,
            11,
            12,
            11,
            8,
            11,
            13,
            12,
            11,
            12,
            13,
            10,
            9,
            17,
            10,
            11,
            9,
            16,
            14,
            15,
            15,
            14,
            13,
            11,
            12,
            11,
            14,
            11,
            13,
            11,
            10,
            11,
            12,
            10,
            10,
            11,
            11,
            12,
            15,
            9,
            9,
            9,
            11,
            13,
            8,
            11,
            14,
            7,
            19,
            12,
            13,
            8,
            13,
            12,
            13,
            10,
            15,
            8,
            15,
            12,
            12,
            9,
            10,
            13,
            10,
            12,
            13,
            9,
            8,
            9,
            11,
            10,
            13,
            10,
            8,
            10,
            11,
            11,
            12,
            10,
            12,
            11,
            12,
            10,
            8,
            10,
            9,
            13,
            14,
            12,
            11,
            8,
            8,
            13,
            14,
            15,
            14,
            11,
            8,
            10,
            7,
            10,
            16,
            9,
            10,
            11,
            11,
            10,
            12,
            8,
            10,
            12,
            13,
            8,
            8,
            7,
            11,
            12,
            12,
            11,
            10,
            15,
            11,
            10,
            11,
            7,
            12,
            9,
            11,
            9,
            10,
            10,
            11,
            9,
            10,
            10,
            11,
            11,
            11,
            8,
            9,
            8,
            10,
            8,
            8,
            12,
            8,
            8,
            14,
            9,
            9,
            9,
            9,
            9,
            10,
            11,
            11,
            10,
            17,
            12,
            7,
            10,
            8,
            13,
            10,
            11,
            8,
            8,
            9,
            12,
            15,
            10,
            11,
            8,
            11,
            11,
            12,
            10,
            9,
            9,
            8,
            8,
            13,
            9,
            8,
            11,
            8,
            9,
            11,
            12,
            13,
            11,
            10,
            11,
            11,
            8,
            8,
            11,
            8,
            13,
            10,
            14,
