{
    "params": {
        "eta": 0.21899999678134918,
        "viscosity": 0.009999999776482582,
        "tol": 0.019999999552965164,
        "k_rho": 31872.51171875,
        "da_ratio": 1.0499999523162842,
        "use_gn": false,
        "use_div": true
    },
    "residual_data": {
        "opt_iter": [
            3,
            3,
            3,
            3,
            2,
            2,
            2,
            3,
            2,
            2,
            2,
            2,
            2,
            1,
            1,
            1,
            2,
            2,
            2,
            2,
            2,
            3,
            3,
            3,
            3,
            3,
            3,
            3,
            2,
            2,
            2,
            2,
            2,
            2,
            2,
            2,
            2,
            2,
            2,
            2,
            2,
            2,
            2,
            2,
            2,
            2,
            2,
            3,
            6,
            5,
            8,
            5,
            4,
            4,
            8,
            32,
            7,
            36,
            6,
            8,
            5,
            6,
            5,
            6,
            5,
            5,
            5,
            7,
            6,
            5,
            5,
            5,
            5,
            5,
            5,
            5,
            5,
            5,
            5,
            5,
            5,
            5,
            7,
            8,
            7,
            7,
            7,
            15,
            6,
            5,
            6,
            6,
            5,
            6,
            6,
            7,
            5,
            5,
            5,
            7,
            6,
            5,
            7,
            6,
            11,
            9,
            5,
            5,
            4,
            4,
            5,
            5,
            5,
            8,
            5,
            24,
            6,
            5,
            5,
            6,
            5,
            7,
            6,
            6,
            6,
            5,
            13,
            9,
            8,
            5,
            22,
            8,
            7,
            7,
            7,
            8,
            6,
            5,
            7,
            6,
            7,
            6,
            6,
            9,
            5,
            5,
            6,
            8,
            5,
            5,
            8,
            6
        ],
        "pcg_iter": [
            9,
            9,
            8,
            8,
            6,
            6,
            6,
            6,
            5,
            5,
            5,
            4,
            4,
            3,
            3,
            3,
            3,
            3,
            3,
            3,
            3,
            4,
            4,
            4,
            4,
            4,
            4,
            4,
            3,
            3,
            3,
            3,
            3,
            3,
            3,
            3,
            3,
            3,
            3,
            3,
            3,
            3,
            3,
            3,
            3,
            3,
            3,
            4,
            7,
            6,
            9,
            6,
            5,
            5,
            11,
            35,
            11,
            40,
            10,
            11,
            8,
            9,
            8,
            8,
            8,
            8,
            8,
            9,
            9,
            7,
            8,
            9,
            8,
            8,
            7,
            8,
            9,
            9,
            8,
            9,
            8,
            8,
            11,
            12,
            11,
            11,
            11,
            19,
            10,
            8,
            9,
            10,
            9,
            9,
            9,
            11,
            9,
            8,
            9,
            10,
            9,
            8,
            10,
            9,
            15,
            11,
            8,
            7,
            6,
            7,
            8,
            8,
            8,
            10,
            8,
            27,
            9,
            8,
            7,
            8,
            8,
            10,
            9,
            10,
            10,
            8,
            16,
            12,
            11,
            8,
            25,
            12,
            9,
            10,
            9,
            10,
            8,
            7,
            9,
            9,
            9,
            9,
            8,
            12,
            8,
            7,
            8,
            10,
            7,
            8,
            10,
            8
        ]
    }
}