{
    "params": {
        "eta": 0.8500000238418579,
        "viscosity": 0.009999999776482582,
        "tol": 0.019999999552965164,
        "k_rho": 10000.0,
        "da_ratio": 1.0099999904632568,
        "use_gn": false,
        "use_div": false
    },
    "residual_data": {
        "opt_iter": [
            1,
            1,
            1,
            1,
            1,
            1,
            1,
            1,
            1,
            1,
            2,
            2,
            3,
            2,
            2,
            2,
            2,
            1,
            1,
            1,
            1,
            1,
            1,
            1,
            1,
            2,
            3,
            3,
            3,
            2,
            2,
            2,
            2,
            2,
            2,
            2,
            2,
            2,
            2,
            2,
            2,
            2,
            2,
            3,
            3,
            2,
            3,
            2,
            2,
            2,
            2,
            3,
            3,
            3,
            3,
            3,
            3,
            4,
            4,
            4,
            3,
            3,
            2,
            2,
            2,
            2,
            2,
            2,
            2,
            2,
            2,
            2,
            2,
            2,
            2,
            2,
            2,
            2,
            2,
            2,
            2,
            2,
            2,
            2,
            2,
            2,
            2,
            3,
            3,
            2,
            2,
            2,
            2,
            2,
            2,
            2,
            2,
            2,
            2,
            4,
            3,
            2,
            4,
            4,
            3,
            4,
            4,
            4,
            4,
            3,
            3,
            3,
            2,
            4,
            4,
            4,
            4,
            4,
            4,
            4,
            3,
            5,
            4,
            5,
            5,
            5,
            4,
            4,
            5,
            4,
            5,
            4,
            3,
            3,
            4,
            5,
            4,
            4,
            3,
            5,
            5,
            7,
            14,
            11,
            10,
            9,
            9,
            10,
            7,
            6,
            7,
            6,
            6,
            6,
            5,
            6,
            10,
            10,
            8,
            7,
            7,
            9,
            9,
            9,
            7,
            8,
            7,
            7,
            10,
            8,
            6,
            6,
            6,
            8,
            9,
            8,
            8,
            10,
            8,
            8,
            10,
            10,
            8,
            9,
            8,
            7,
            8,
            6,
            8,
            6,
            7,
            10,
            8,
            6,
            6,
            6,
            8,
            6,
            6,
            6,
            6,
            5,
            6,
            6,
            6,
            7,
            6,
            5,
            4,
            4,
            4,
            4,
            4,
            4,
            5,
            4,
            4,
            5,
            5,
            4,
            4,
            4,
            4,
            4,
            5,
            5,
            5,
            4,
            4,
            4,
            5,
            5,
            5,
            5,
            5,
            5,
            5,
            4,
            4,
            4,
            4,
            4,
            4,
            4,
            4,
            4,
            4,
            4,
            3,
            4,
            4,
            4,
            5,
            6,
            5,
            5,
            5,
            5,
            5,
            5,
            4,
            3,
            3,
            4,
            4,
            5,
            4,
            5,
            5,
            4,
            4,
            4,
            5,
            4,
            4,
            4,
            5,
            5,
            5,
            5,
            5,
            5,
            5,
            5,
            4,
            4,
            5,
            5,
            5,
            5,
            4,
            5,
            4,
            4,
            4,
            5,
            4,
            5,
            6,
            6,
            6,
            6,
            6,
            6,
            5,
            6,
            6,
            5,
            5,
            5,
            4,
            4,
            5,
            5,
            5,
            5,
            5,
            5,
            4,
            4,
            4,
            4,
            5,
            5,
            5,
            5,
            5,
            5,
            5,
            5,
            5,
            9,
            5,
            5,
            4,
            4,
            4,
            4,
            5,
            4,
            4,
            4,
            4,
            4,
            5,
            4,
            4,
            3,
            4,
            4,
            4,
            4,
            4,
            4,
            4,
            4,
            3,
            3,
            4,
            4,
            4,
            4,
            4
        ],