{
    "params": {
        "eta": 0.8500000238418579,
        "viscosity": 0.009999999776482582,
        "tol": 0.019999999552965164,
        "k_rho": 1000000.0,
        "da_ratio": 1.0099999904632568,
        "use_gn": true,
        "use_div": false
    },
    "residual_data": {
        "opt_iter": [],
        "pcg_iter": []
    },
    "elapsed_data": {
        "elapsed_time": [
            0.03802680969238281,
            0.03943371772766113,
            0.0391840934753418,
            0.04137778282165527,
            0.04205155372619629,
            0.04099297523498535,
            0.04170846939086914,
            0.04045295715332031,
            0.041037797927856445,
            0.04451942443847656,
            0.045630693435668945,
            0.04418683052062988,
            0.038690805435180664,
            0.04151654243469238,
            0.041443586349487305,
            0.036157846450805664,
            0.036566972732543945,
            0.03563213348388672,
            0.03522372245788574,
            0.03502345085144043,
            0.023009061813354492,
            0.024666547775268555,
            0.024241924285888672,
            0.023604631423950195,
            0.02469611167907715
        ]
    },
    "avg_density": {
        "density": []
    }
}