{
    "params": {
        "eta": 0.8500000238418579,
        "viscosity": 0.009999999776482582,
        "tol": 0.019999999552965164,
        "k_rho": 10000.0,
        "da_ratio": 1.0099999904632568,
        "use_gn": false,
        "use_div": false
    },
    "residual_data": {
        "opt_iter": [
            1,
            1,
            2,
            2,
            2,
            3,
            3,
            3,
            3,
            3,
            3,
            3,
            2,
            3,
            3,
            3,
            4,
            3,
            3,
            3,
            3,
            3,
            2,
            3,
            2,
            2,
            2,
            3,
            3,
            3,
            3,
            3,
            3,
            3,
            4,
            3,
            3,
            3,
            3,
            3,
            3,
            3,
            3
        ],
        "pcg_iter": [
            2,
            2,
            3,
            3,
            3,
            4,
            5,
            4,
            5,
            5,
            5,
            5,
            4,
            5,
            5,
            5,
            5,
            4,
            5,
            5,
            5,
            5,
            4,
            5,
            4,
            4,
            4,
            4,
            4,
            4,
            5,
            5,
            5,
            5,
            6,
            5,
            4,
            4,
            5,
            4,
            4,
            4,
            4
        ]
    },
    "elapsed_data": {
        "elapsed_time": [
            0.005318164825439453,
            0.007260799407958984,
            0.00941157341003418,
            0.007338047027587891,
            0.011224031448364258,
            0.021539688110351562,
            0.010715484619140625,
            0.00954890251159668,
            0.0098724365234375,
            0.01115727424621582,
            0.00945734977722168,
            0.007834672927856445,
            0.011774301528930664,
            0.010059118270874023,
            0.010302066802978516,
            0.012293577194213867,
            0.008871793746948242,
            0.010100603103637695,
            0.01101064682006836,
            0.00999307632446289,
            0.010454654693603516,
            0.00849604606628418,
            0.009911775588989258,
            0.008973836898803711,
            0.007915496826171875,
            0.008307933807373047,
            0.01041102409362793,
            0.009336709976196289,
            0.010104894638061523,
            0.010211467742919922,
            0.00989079475402832,
            0.010533571243286133,
            0.00953054428100586,
            0.012272119522094727,
            0.010972023010253906,
            0.009760618209838867,
            0.009299993515014648,
            0.010521173477172852,
            0.008806705474853516,
            0.009126663208007812,
            0.010687828063964844,
            0.009203910827636719
        ]
    }
}