{
    "params": {
        "eta": 0.8799999952316284,
        "viscosity": 0.009999999776482582,
        "tol": 0.019999999552965164,
        "k_rho": 500000.0,
        "da_ratio": 1.0499999523162842,
        "use_gn": false,
        "use_div": true
    },
    "residual_data": {
        "opt_iter": [
            0,
            1,
            1,
            1,
            1,
            1,
            1,
            1,
            1,
            1,
            1,
            1,
            1,
            1,
            1,
            1,
            1,
            1,
            1,
            1,
            1,
            1,
            1,
            1,
            1,
            1,
            1,
            1,
            1,
            1,
            1,
            1,
            1,
            1,
            1,
            1,
            1,
            1,
            1,
            1,
            1,
            1,
            1,
            1,
            1,
            1,
            1,
            1,
            1,
            1,
            1,
            1,
            1,
            1,
            1,
            1,
            1,
            1,
            1,
            1,
            1,
            1,
            1,
            1,
            1,
            1,
            1,
            1,
            1,
            1,
            1,
            1,
            1,
            1,
            1,
            1,
            1,
            1,
            1,
            1,
            1,
            1,
            1,
            1,
            1,
            1,
            1,
            1,
            1,
            1,
            1,
            1,
            1,
            1,
            1,
            1,
            1,
            1,
            1,
            1,
            1,
            1,
            1,
            1,
            1,
            1,
            1,
            1,
            1,
            1,
            1,
            1,
            1,
            1,
            1,
            1,
            1,
            1,
            1,
            1,
            1,
            1,
            1,
            1,
            1,
            1,
            1,
            1,
            1,
            1,
            1,
            1,
            1,
            1,
            1,
            1,
            1,
            1,
            1,
            1,
            1,
            1,
            1,
            1,
            1,
            1,
            1,
            1,
            1,
            1,
            1,
            1,
            1,
            1,
            1,
            1,
            1,
            1,
            1,
            1,
            1,
            1,
            1,
            1,
            1,
            1,
            1,
            1,
            1,
            1,
            1,
            1,
            1,
            1,
            1,
            1,
            1,
            1,
            1,
            1,
            1,
            1,
            1,
            1,
            1,
            1,
            1,
            1,
            1,
            1,
            1,
            1,
            1,
            1,
            1,
            1,
            1,
            1,
            1,
            1,
            1,
            1,
            1,
            1,
            1,
            1,
            1,
            1,
            1,
            1,
            1,
            1,
            1,
            1,
            1,
            1,
            1,
            1,
            1,
            1,
            1,
            1,
            1,
            1,
            1,
            1,
            1,
            1,
            1,
            1,
            1,
            1,
            1,
            1,
            1,
            1,
            1,
            1,
            1,
            1,
            1,
            1,
            1,
            1,
            1,
            1,
            1,
            1,
            1,
            1,
            1,
            1,
            1,
            1,
            1,
            1,
            1,
            1,
            1,
            1,
            1,
            1,
            1,
            1,
            1,
            1,
            1,
            1,
            1,
            1,
            1,
            1,
            1,
            1,
            1,
            1,
            1,
            1,
            1,
            1,
            1,
            1,
            1,
            1,
            1,
            1,
            1,
            1,
            1,
            1,
            1,
            1,
            1,
            1,
            1,
            1,
            1,
            1,
            1,
            1,
            1,
            1,
            1,
            1,
            1,
            1,
            1,
            1,
            1,
            1,
            1,
            1,
            1,
            1,
            1,
            1,
            1,
            1,
            1,
            1,
            1,
            1,
            1,
            1,
            1,
            1,
            1,
            1,
            1,
            1,
            1,
            1,
            3,
            3,
            156,
            231,
            92,
            193,
            98,
            59,
            46,
            32,
            50,
            20,
            25,
            37,
            25,
            48,
            29,
            26,
            32,
            28,
            27,
            29,
            33,
            33,
            42,
            28,
            40,
            34,
            37,
            25,
            34,
            28,
            32,
            29,
            32,
            27,
            27,
            21,
            25,
            26,
            16,
            25,
            25,
            34,
            32,
            30,
            42,
            19,
            27,
            33,
            34,
            28,
            32,
            31,
            26,
            36,
            20,
            31,
            24,
            34,
            58,
            42,
            122,
            79,
            236,
            58,
            56,
            39,
            44,
            44,
            41,
            46,
            38,
            41,
            43,
            26,
            58,
            49,
            45,
            40,
            22,
            50,
            52,
            31,
            34,
            37,
            32,
            40,
            35,
            46,
            29,
            53,
            48,
            33,
            35,
            36,
            40,
            37,
            51,
            24,
            36,
            33,
            41,
            24,
            37,
            27,
            24,
            30,
            52,
            44,
            36,
            35,
            32,
            49,
            50,
            45,
            53,
            42,
            32,
            29,
            54,
            39,
            40,
            34,
            36,
            41,
            44,
            37,
            32,
            84,
            37,
            37,
            39,
            43,
            27,
            23,
            27,
            28,
            32,
            39,
            33,
            36,
            33,
            31,
            29,
            30,
            33,
            35,
            63,
            38,
            33,
            34,
            51,
            44,
            29,
            47,
            34,
            33,
            33,
            29,
            37,
            29,
            34,
            35,
            39,
            47,
            46,
            47,
            45,
