{
    "params": {
        "eta": 0.8500000238418579,
        "viscosity": 0.009999999776482582,
        "tol": 0.019999999552965164,
        "k_rho": 10000.0,
        "da_ratio": 1.0099999904632568,
        "use_gn": false,
        "use_div": false
    },
    "residual_data": {
        "opt_iter": [
            1,
            1,
            2,
            2,
            2,
            3,
            3,
            3,
            3,
            3,
            3,
            3,
            2,
            3,
            3,
            3,
            4,
            3,
            3,
            3,
            3,
            3,
            2,
            3,
            2,
            2,
            2,
            3,
            3,
            3,
            3,
            3,
            3,
            3,
            4,
            3,
            3
        ],
        "pcg_iter": [
            2,
            2,
            3,
            3,
            3,
            4,
            5,
            4,
            5,
            5,
            5,
            5,
            4,
            5,
            5,
            5,
            5,
            4,
            5,
            5,
            5,
            5,
            4,
            5,
            4,
            4,
            4,
            4,
            4,
            4,
            5,
            5,
            5,
            5,
            6,
            5,
            4
        ]
    },
    "elapsed_data": {
        "elapsed_time": [
            0.005158901214599609,
            0.009615659713745117,
            0.00687098503112793,
            0.009418964385986328,
            0.009357213973999023,
            0.020470619201660156,
            0.00883936882019043,
            0.011472702026367188,
            0.01209402084350586,
            0.009465217590332031,
            0.009754419326782227,
            0.008473396301269531,
            0.009788751602172852,
            0.010951757431030273,
            0.011350154876708984,
            0.011218786239624023,
            0.009399890899658203,
            0.011192083358764648,
            0.010068416595458984,
            0.010934829711914062,
            0.010376930236816406,
            0.008126020431518555,
            0.010706663131713867,
            0.007834196090698242,
            0.007760763168334961,
            0.00822138786315918,
            0.009308099746704102,
            0.0098114013671875,
            0.009405851364135742,
            0.010056257247924805,
            0.010540008544921875,
            0.010011672973632812,
            0.011020660400390625,
            0.01269078254699707,
            0.009503364562988281,
            0.010187149047851562
        ]
    }
}