{
    "params": {
        "eta": 0.5860000252723694,
        "viscosity": 0.0,
        "tol": 0.019999999552965164,
        "k_rho": 31872.51171875,
        "da_ratio": 1.0049999952316284,
        "use_gn": false,
        "use_div": true
    },
    "residual_data": {
        "opt_iter": [
            3,
            2,
            2,
            2,
            2,
            2,
            2,
            2,
            2,
            2,
            2,
            2,
            1,
            1,
            5,
            7,
            7,
            7,
            7,
            7,
            7,
            5,
            3,
            4,
            2,
            3,
            5,
            4,
            3,
            3,
            3,
            3,
            2,
            2,
            2,
            2,
            2,
            2,
            2,
            3,
            3,
            3,
            3,
            3,
            3,
            3,
            3,
            3,
            3,
            3,
            3,
            3,
            3,
            4,
            4,
            4,
            4,
            4,
            4,
            4,
            4,
            4,
            4,
            4,
            5,
            5,
            5,
            5,
            5,
            3,
            2,
            3,
            3,
            3,
            3,
            3,
            3,
            3,
            3,
            3,
            4,
            3,
            3,
            2,
            3,
            3,
            3,
            2,
            2,
            2,
            3,
            2,
            2,
            2,
            2,
            2,
            2,
            2,
            3,
            7,
            7,
            6,
            6,
            5,
            5,
            3,
            2,
            2,
            2,
            2,
            2,
            2,
            3,
            3,
            3,
            2,
            2,
            2,
            2,
            2,
            2,
            2,
            2,
            2,
            2,
            2,
            2,
            3,
            3,
            3,
            2,
            2,
            2,
            2,
            2,
            2,
            2,
            2,
            2,
            2,
            2,
            2
        ],
        "pcg_iter": [
            6,
            6,
            6,
            5,
            5,
            5,
            4,
            4,
            4,
            4,
            3,
            2,
            1,
            1,
            5,
            7,
            7,
            7,
            8,
            8,
            8,
            7,
            5,
            6,
            4,
            5,
            7,
            5,
            4,
            4,
            4,
            4,
            3,
            3,
            3,
            3,
            3,
            2,
            2,
            3,
            3,
            3,
            3,
            3,
            3,
            3,
            3,
            3,
            3,
            3,
            3,
            3,
            3,
            4,
            4,
            4,
            4,
            4,
            4,
            4,
            4,
            4,
            4,
            5,
            5,
            5,
            5,
            5,
            5,
            3,
            2,
            3,
            3,
            3,
            3,
            3,
            3,
            3,
            3,
            4,
            5,
            4,
            4,
            3,
            4,
            4,
            4,
            3,
            3,
            3,
            4,
            3,
            3,
            3,
            3,
            3,
            3,
            3,
            4,
            8,
            8,
            7,
            7,
            6,
            6,
            4,
            3,
            3,
            3,
            3,
            3,
            3,
            4,
            4,
            4,
            3,
            3,
            3,
            3,
            3,
            3,
            3,
            3,
            3,
            3,
            3,
            3,
            4,
            4,
            4,
            3,
            3,
            3,
            3,
            3,
            3,
            3,
            3,
            3,
            3,
            3,
            3
        ]
    }
}